-- phpMyAdmin SQL Dump
-- version 5.2.0
-- https://www.phpmyadmin.net/
--
-- Hôte : 127.0.0.1:3307
-- Généré le : lun. 10 oct. 2022 à 07:19
-- Version du serveur : 10.4.13-MariaDB
-- Version de PHP : 8.0.22

SET SQL_MODE = "NO_AUTO_VALUE_ON_ZERO";
START TRANSACTION;
SET time_zone = "+00:00";


/*!40101 SET @OLD_CHARACTER_SET_CLIENT=@@CHARACTER_SET_CLIENT */;
/*!40101 SET @OLD_CHARACTER_SET_RESULTS=@@CHARACTER_SET_RESULTS */;
/*!40101 SET @OLD_COLLATION_CONNECTION=@@COLLATION_CONNECTION */;
/*!40101 SET NAMES utf8mb4 */;

--
-- Base de données : `animalerie`
--

-- --------------------------------------------------------

--
-- Structure de la table `address`
--

DROP TABLE IF EXISTS `address`;
CREATE TABLE IF NOT EXISTS `address` (
  `id` int(11) NOT NULL AUTO_INCREMENT,
  `city_id` int(11) NOT NULL,
  `street_number` int(11) DEFAULT NULL,
  `street_name` varchar(255) COLLATE utf8mb4_unicode_ci NOT NULL,
  PRIMARY KEY (`id`),
  KEY `IDX_D4E6F818BAC62AF` (`city_id`)
) ENGINE=InnoDB AUTO_INCREMENT=102 DEFAULT CHARSET=utf8mb4 COLLATE=utf8mb4_unicode_ci;

--
-- Déchargement des données de la table `address`
--

INSERT INTO `address` (`id`, `city_id`, `street_number`, `street_name`) VALUES
(1, 6, 22, 'Eveniet est voluptatem culpa.'),
(2, 1, 6, 'Rerum quasi possimus odit qui.'),
(3, 6, 63, 'Quia et aliquid neque voluptas est.'),
(4, 9, 48, 'Molestiae expedita ut beatae repellendus doloremque.'),
(5, 11, 81, 'Quia excepturi ipsum culpa dolorum similique.'),
(6, 8, 57, 'Esse et porro consequatur totam et et.'),
(7, 5, 28, 'Repudiandae laborum dolor quasi totam qui ipsam.'),
(8, 4, 50, 'Cum aut facilis dolore doloremque unde fuga.'),
(9, 10, 36, 'Dolores distinctio consectetur quae.'),
(10, 6, 42, 'Voluptate sint quia fuga autem impedit perspiciatis.'),
(11, 10, 6, 'Illo minima sit expedita.'),
(12, 6, 56, 'Et beatae totam repellendus.'),
(13, 9, 54, 'Aut accusamus aut ratione recusandae.'),
(14, 2, 82, 'Officia quis sint quia quibusdam est.'),
(15, 9, 41, 'Architecto iure placeat fugiat itaque et sit.'),
(16, 10, 24, 'Id aspernatur sapiente voluptatum sint.'),
(17, 9, 98, 'Optio consequatur aliquid quis repudiandae.'),
(18, 6, 6, 'Quod sed illo unde.'),
(19, 3, 14, 'Quia voluptatem quisquam sed aut.'),
(20, 4, 73, 'Aspernatur magnam aut sed architecto officiis.'),
(21, 10, 18, 'Doloremque quod et deleniti.'),
(22, 11, 47, 'Velit voluptas temporibus ut magnam.'),
(23, 7, 93, 'Laboriosam qui pariatur nam minus architecto consequatur.'),
(24, 3, 49, 'Dolor est cum sit iusto.'),
(25, 4, 65, 'Ea quia velit quia laudantium.'),
(26, 9, 81, 'Velit et et reprehenderit officia.'),
(27, 11, 98, 'Saepe reprehenderit quis modi molestias qui expedita.'),
(28, 11, 60, 'Laboriosam nisi sed recusandae placeat accusantium.'),
(29, 6, 2, 'Commodi qui id repellendus earum voluptate explicabo.'),
(30, 1, 60, 'Provident ipsa distinctio consequatur temporibus sunt officia.'),
(31, 7, 65, 'Vero animi unde doloribus.'),
(32, 9, 30, 'Dolor debitis quo saepe vel.'),
(33, 1, 97, 'Qui fugiat officia ut omnis nihil dolores.'),
(34, 8, 89, 'Et harum dolor quaerat.'),
(35, 5, 3, 'Fugiat est officia aut enim.'),
(36, 5, 76, 'Similique culpa dolorem dolor perspiciatis sit nostrum.'),
(37, 2, 95, 'Porro ipsa est vitae.'),
(38, 8, 73, 'Eaque assumenda omnis incidunt rerum reprehenderit.'),
(39, 9, 46, 'Assumenda a iusto perspiciatis.'),
(40, 10, 71, 'Soluta nihil est dolorum.'),
(41, 11, 26, 'Enim temporibus quo soluta.'),
(42, 3, 94, 'Praesentium aliquam dolor quasi eum et nihil.'),
(43, 5, 64, 'Doloremque modi est qui inventore.'),
(44, 11, 98, 'Tempore maxime nemo rerum in dolores molestias.'),
(45, 1, 5, 'Ipsum omnis maiores esse nobis perspiciatis.'),
(46, 10, 71, 'Fuga velit iure consequuntur qui provident et.'),
(47, 7, 78, 'Hic aut qui rem minima.'),
(48, 1, 100, 'Natus saepe quis molestiae eos.'),
(49, 6, 60, 'Veniam aut velit perferendis.'),
(50, 10, 96, 'Quos laudantium porro quibusdam voluptatem suscipit.'),
(51, 11, 33, 'Molestias sunt odio aperiam tenetur.'),
(52, 8, 71, 'Aut voluptatum quia voluptatem est.'),
(53, 5, 68, 'Impedit vel accusamus rerum.'),
(54, 3, 11, 'Magni qui sint quos aut quibusdam.'),
(55, 4, 32, 'Et ipsam molestiae ipsam consequatur quaerat.'),
(56, 1, 49, 'Modi saepe eos et ab velit.'),
(57, 10, 41, 'Facere officiis nostrum dolore nulla est ea.'),
(58, 9, 55, 'Dicta vel qui unde et dolor omnis.'),
(59, 2, 99, 'Ducimus molestiae aliquam officiis soluta aliquam saepe.'),
(60, 2, 8, 'Et explicabo possimus nesciunt voluptatibus.'),
(61, 4, 3, 'Optio voluptatibus et non ab necessitatibus exercitationem.'),
(62, 9, 35, 'Sed doloribus fugiat repellat harum.'),
(63, 1, 91, 'Eaque praesentium nam consequatur incidunt dolore.'),
(64, 11, 68, 'Corrupti et maiores inventore iure tempora perspiciatis.'),
(65, 6, 27, 'Excepturi voluptatem itaque ad.'),
(66, 3, 45, 'Ipsam id non praesentium itaque sequi architecto.'),
(67, 2, 66, 'Adipisci tenetur sit ipsa aut.'),
(68, 9, 58, 'Vero fuga consequatur praesentium consequatur nihil aut.'),
(69, 7, 24, 'Fugiat sed earum iste suscipit voluptatem laboriosam.'),
(70, 2, 80, 'Et fuga fugit consequatur cum esse laborum.'),
(71, 1, 56, 'Neque esse dicta architecto omnis quae.'),
(72, 1, 24, 'Nihil ducimus rerum est similique et.'),
(73, 5, 99, 'Molestias voluptates tenetur aspernatur maxime sint.'),
(74, 7, 39, 'Laborum doloribus iusto ipsum suscipit.'),
(75, 9, 3, 'Aut cupiditate aperiam occaecati adipisci veritatis.'),
(76, 8, 44, 'Nostrum voluptatem et et ea ad harum.'),
(77, 2, 41, 'Quia minus sint quis.'),
(78, 2, 100, 'Vitae neque optio quod et consectetur ut expedita.'),
(79, 2, 66, 'Sit hic voluptatum quis debitis et aliquam.'),
(80, 6, 27, 'Sunt culpa voluptatibus harum id.'),
(81, 1, 100, 'Ducimus fuga temporibus consequuntur omnis.'),
(82, 6, 96, 'Animi ipsa dolorum optio odio aspernatur qui dolor.'),
(83, 11, 22, 'Qui alias itaque esse sint nisi sed.'),
(84, 2, 23, 'Delectus magnam repudiandae molestiae et a accusantium tempora.'),
(85, 9, 55, 'Sunt rerum fuga quasi.'),
(86, 4, 38, 'Et laborum veniam dolores dolorum.'),
(87, 1, 91, 'Officiis explicabo ipsa libero.'),
(88, 4, 72, 'Aut unde officiis dolorum.'),
(89, 6, 58, 'Perferendis ut dolorum excepturi.'),
(90, 3, 82, 'Vitae quos officiis voluptatibus cupiditate cupiditate.'),
(91, 5, 49, 'Consectetur quia recusandae eligendi.'),
(92, 2, 3, 'Corporis fugiat distinctio occaecati omnis illum ipsum.'),
(93, 10, 75, 'Id ullam ullam accusantium.'),
(94, 10, 93, 'Quia repellat expedita laudantium ducimus.'),
(95, 8, 12, 'Praesentium itaque et reiciendis quo sapiente.'),
(96, 11, 23, 'Sunt tempora sunt aliquam mollitia id.'),
(97, 10, 88, 'Molestias sed dicta molestiae illo possimus.'),
(98, 2, 21, 'Consequatur occaecati delectus ut amet ipsam.'),
(99, 1, 30, 'Ad omnis explicabo expedita sed et quis.'),
(100, 4, 86, 'Eligendi consequatur et tempore.'),
(101, 2, 0, 'Cumque optio qui ab quaerat.');

-- --------------------------------------------------------

--
-- Structure de la table `address_user`
--

DROP TABLE IF EXISTS `address_user`;
CREATE TABLE IF NOT EXISTS `address_user` (
  `address_id` int(11) NOT NULL,
  `user_id` int(11) NOT NULL,
  PRIMARY KEY (`address_id`,`user_id`),
  KEY `IDX_F0DF06A2F5B7AF75` (`address_id`),
  KEY `IDX_F0DF06A2A76ED395` (`user_id`)
) ENGINE=InnoDB DEFAULT CHARSET=utf8mb4 COLLATE=utf8mb4_unicode_ci;

--
-- Déchargement des données de la table `address_user`
--

INSERT INTO `address_user` (`address_id`, `user_id`) VALUES
(1, 17),
(1, 32),
(1, 37),
(1, 87),
(2, 89),
(3, 5),
(3, 36),
(3, 48),
(4, 29),
(4, 30),
(5, 31),
(5, 81),
(6, 11),
(6, 46),
(6, 47),
(6, 52),
(6, 56),
(6, 75),
(6, 84),
(7, 6),
(7, 53),
(8, 77),
(10, 46),
(11, 16),
(11, 69),
(12, 45),
(13, 54),
(14, 35),
(14, 63),
(14, 87),
(14, 96),
(15, 34),
(16, 19),
(16, 71),
(17, 11),
(17, 97),
(18, 63),
(18, 67),
(19, 2),
(19, 9),
(20, 26),
(20, 85),
(22, 59),
(23, 92),
(24, 97),
(25, 20),
(25, 42),
(25, 71),
(26, 62),
(26, 78),
(26, 79),
(27, 96),
(28, 97),
(29, 27),
(29, 61),
(30, 8),
(30, 29),
(30, 58),
(31, 67),
(32, 84),
(33, 59),
(33, 66),
(33, 70),
(33, 98),
(34, 10),
(34, 80),
(34, 82),
(35, 31),
(35, 49),
(36, 54),
(39, 43),
(39, 70),
(39, 80),
(40, 36),
(40, 61),
(41, 44),
(41, 56),
(41, 63),
(41, 67),
(41, 74),
(42, 58),
(42, 75),
(43, 18),
(43, 31),
(43, 55),
(44, 62),
(44, 64),
(45, 5),
(45, 85),
(45, 91),
(46, 6),
(46, 11),
(46, 39),
(46, 74),
(47, 40),
(47, 88),
(49, 21),
(49, 57),
(49, 60),
(50, 18),
(50, 91),
(51, 20),
(51, 68),
(51, 84),
(51, 94),
(51, 95),
(52, 25),
(52, 27),
(52, 37),
(52, 41),
(53, 33),
(54, 9),
(54, 38),
(55, 51),
(56, 7),
(56, 22),
(57, 24),
(58, 34),
(58, 65),
(59, 6),
(59, 39),
(59, 60),
(59, 62),
(59, 76),
(59, 101),
(60, 45),
(61, 23),
(61, 65),
(61, 66),
(61, 82),
(61, 98),
(62, 83),
(63, 100),
(64, 87),
(64, 89),
(64, 95),
(64, 101),
(66, 27),
(66, 86),
(66, 90),
(68, 82),
(68, 93),
(69, 72),
(70, 19),
(70, 36),
(70, 37),
(70, 72),
(70, 78),
(71, 28),
(71, 44),
(71, 60),
(71, 64),
(71, 95),
(72, 43),
(74, 57),
(75, 3),
(75, 4),
(75, 9),
(75, 13),
(75, 51),
(76, 47),
(76, 100),
(77, 26),
(77, 56),
(77, 64),
(77, 79),
(78, 12),
(78, 69),
(78, 81),
(79, 15),
(80, 34),
(81, 12),
(82, 2),
(82, 15),
(83, 57),
(83, 71),
(83, 92),
(84, 83),
(85, 24),
(86, 14),
(87, 10),
(87, 88),
(87, 93),
(89, 15),
(89, 73),
(89, 96),
(91, 12),
(91, 19),
(91, 86),
(91, 99),
(92, 39),
(92, 52),
(92, 75),
(93, 73),
(94, 16),
(94, 55),
(94, 86),
(95, 50),
(96, 1),
(97, 24),
(98, 48),
(99, 53),
(100, 92),
(101, 23),
(101, 72);

-- --------------------------------------------------------

--
-- Structure de la table `brand`
--

DROP TABLE IF EXISTS `brand`;
CREATE TABLE IF NOT EXISTS `brand` (
  `id` int(11) NOT NULL AUTO_INCREMENT,
  `label` varchar(255) COLLATE utf8mb4_unicode_ci NOT NULL,
  `image_path` varchar(255) COLLATE utf8mb4_unicode_ci NOT NULL,
  PRIMARY KEY (`id`)
) ENGINE=InnoDB AUTO_INCREMENT=16 DEFAULT CHARSET=utf8mb4 COLLATE=utf8mb4_unicode_ci;

--
-- Déchargement des données de la table `brand`
--

INSERT INTO `brand` (`id`, `label`, `image_path`) VALUES
(1, 'officiis', 'soluta'),
(2, 'porro', 'repudiandae'),
(3, 'commodi', 'quia'),
(4, 'sunt', 'autem'),
(5, 'aut', 'non'),
(6, 'quod', 'dolores'),
(7, 'maxime', 'soluta'),
(8, 'doloremque', 'voluptas'),
(9, 'modi', 'ullam'),
(10, 'tenetur', 'cumque'),
(11, 'sed', 'et'),
(12, 'alias', 'nobis'),
(13, 'vero', 'est'),
(14, 'harum', 'sequi'),
(15, 'quis', 'omnis');

-- --------------------------------------------------------

--
-- Structure de la table `category`
--

DROP TABLE IF EXISTS `category`;
CREATE TABLE IF NOT EXISTS `category` (
  `id` int(11) NOT NULL AUTO_INCREMENT,
  `category_parent_id` int(11) DEFAULT NULL,
  `label` varchar(255) COLLATE utf8mb4_unicode_ci NOT NULL,
  PRIMARY KEY (`id`),
  KEY `IDX_64C19C1B51A1840` (`category_parent_id`)
) ENGINE=InnoDB AUTO_INCREMENT=11 DEFAULT CHARSET=utf8mb4 COLLATE=utf8mb4_unicode_ci;

--
-- Déchargement des données de la table `category`
--

INSERT INTO `category` (`id`, `category_parent_id`, `label`) VALUES
(1, NULL, 'Chien'),
(2, NULL, 'Chat'),
(3, NULL, 'Poisson'),
(4, NULL, 'Vivarium'),
(5, NULL, 'Basse-cour'),
(6, 1, 'Dog Food'),
(7, 2, 'Cat Food'),
(8, 3, 'Reptile Food'),
(9, 4, 'Fish Food'),
(10, 5, 'Chicken Food');

-- --------------------------------------------------------

--
-- Structure de la table `category_product`
--

DROP TABLE IF EXISTS `category_product`;
CREATE TABLE IF NOT EXISTS `category_product` (
  `category_id` int(11) NOT NULL,
  `product_id` int(11) NOT NULL,
  PRIMARY KEY (`category_id`,`product_id`),
  KEY `IDX_149244D312469DE2` (`category_id`),
  KEY `IDX_149244D34584665A` (`product_id`)
) ENGINE=InnoDB DEFAULT CHARSET=utf8mb4 COLLATE=utf8mb4_unicode_ci;

--
-- Déchargement des données de la table `category_product`
--

INSERT INTO `category_product` (`category_id`, `product_id`) VALUES
(1, 13),
(1, 14),
(1, 19),
(1, 29),
(1, 39),
(1, 40),
(1, 49),
(1, 54),
(1, 76),
(1, 80),
(1, 91),
(1, 92),
(1, 96),
(1, 97),
(2, 3),
(2, 7),
(2, 14),
(2, 19),
(2, 26),
(2, 30),
(2, 57),
(2, 61),
(2, 63),
(2, 69),
(2, 73),
(2, 75),
(2, 80),
(3, 6),
(3, 11),
(3, 16),
(3, 20),
(3, 24),
(3, 30),
(3, 36),
(3, 39),
(3, 41),
(3, 44),
(3, 53),
(3, 56),
(3, 58),
(3, 66),
(4, 11),
(4, 15),
(4, 21),
(4, 34),
(4, 46),
(4, 51),
(4, 55),
(4, 59),
(4, 62),
(4, 83),
(4, 84),
(4, 86),
(4, 89),
(4, 91),
(4, 96),
(4, 98),
(5, 1),
(5, 4),
(5, 5),
(5, 7),
(5, 19),
(5, 47),
(5, 51),
(5, 56),
(5, 57),
(5, 65),
(5, 74),
(5, 76),
(5, 84),
(5, 91),
(5, 92),
(5, 95),
(5, 98),
(5, 101),
(6, 3),
(6, 5),
(6, 7),
(6, 21),
(6, 24),
(6, 54),
(6, 56),
(6, 69),
(6, 78),
(6, 79),
(6, 83),
(6, 99),
(6, 101),
(7, 2),
(7, 5),
(7, 11),
(7, 22),
(7, 26),
(7, 34),
(7, 46),
(7, 51),
(7, 68),
(7, 90),
(8, 9),
(8, 31),
(8, 40),
(8, 42),
(8, 44),
(8, 45),
(8, 47),
(8, 50),
(8, 65),
(8, 66),
(8, 75),
(8, 81),
(8, 88),
(8, 89),
(8, 100),
(9, 17),
(9, 26),
(9, 27),
(9, 28),
(9, 30),
(9, 37),
(9, 38),
(9, 61),
(9, 68),
(9, 72),
(9, 76),
(9, 79),
(9, 84),
(9, 94),
(9, 97),
(9, 98),
(10, 15),
(10, 20),
(10, 31),
(10, 46),
(10, 47),
(10, 49),
(10, 52),
(10, 63),
(10, 75),
(10, 87),
(10, 101);

-- --------------------------------------------------------

--
-- Structure de la table `city`
--

DROP TABLE IF EXISTS `city`;
CREATE TABLE IF NOT EXISTS `city` (
  `id` int(11) NOT NULL AUTO_INCREMENT,
  `name` varchar(255) COLLATE utf8mb4_unicode_ci NOT NULL,
  `cp` int(11) NOT NULL,
  PRIMARY KEY (`id`)
) ENGINE=InnoDB AUTO_INCREMENT=44 DEFAULT CHARSET=utf8mb4 COLLATE=utf8mb4_unicode_ci;

--
-- Déchargement des données de la table `city`
--

INSERT INTO `city` (`id`, `name`, `cp`) VALUES
(1, 'South Filibertoberg', 29226),
(2, 'East Emmettmouth', 53616),
(3, 'Vergiefort', 16208),
(4, 'Bretberg', 68067),
(5, 'North Cassandra', 11015),
(6, 'East Cicero', 78477),
(7, 'Port Lilliana', 71753),
(8, 'Port Nicholeberg', 18339),
(9, 'Marietta', 30064),
(10, 'Flayosc', 83780),
(11, 'Angoulême', 16959),
(12, 'Clermont-Ferrand', 63000),
(42, 'Aubière', 63160),
(43, 'Chamalières', 63400);

-- --------------------------------------------------------

--
-- Structure de la table `command`
--

DROP TABLE IF EXISTS `command`;
CREATE TABLE IF NOT EXISTS `command` (
  `id` int(11) NOT NULL AUTO_INCREMENT,
  `user_id` int(11) DEFAULT NULL,
  `address_id` int(11) DEFAULT NULL,
  `total_price` int(11) NOT NULL,
  `num_command` varchar(255) COLLATE utf8mb4_unicode_ci NOT NULL,
  `created_at` datetime NOT NULL,
  `status` int(11) NOT NULL,
  PRIMARY KEY (`id`),
  KEY `IDX_8ECAEAD4A76ED395` (`user_id`),
  KEY `IDX_8ECAEAD4F5B7AF75` (`address_id`)
) ENGINE=InnoDB AUTO_INCREMENT=103 DEFAULT CHARSET=utf8mb4 COLLATE=utf8mb4_unicode_ci;

--
-- Déchargement des données de la table `command`
--

INSERT INTO `command` (`id`, `user_id`, `address_id`, `total_price`, `num_command`, `created_at`, `status`) VALUES
(1, 78, 60, 964384, 'est', '2022-02-10 08:03:21', 100),
(2, 68, 92, 37383, 'tenetur', '2021-08-25 23:58:04', 300),
(3, 100, 15, 1063, 'reprehenderit', '2019-11-24 15:56:26', 400),
(4, 86, 65, 435587, 'repellat', '2020-08-05 06:07:08', 300),
(5, 79, 99, 558342, 'reprehenderit', '2021-01-24 17:43:19', 500),
(6, 3, 14, 58461, 'ducimus', '2021-11-27 01:09:36', 200),
(7, 74, 83, 263616, 'qui', '2021-06-04 03:10:36', 400),
(8, 17, 87, 220539, 'aspernatur', '2021-09-17 17:11:07', 200),
(9, 10, 47, 284014, 'reiciendis', '2020-09-12 11:55:17', 200),
(10, 43, 20, 362903, 'inventore', '2021-09-17 16:21:33', 500),
(11, 88, 54, 886600, 'maxime', '2020-10-18 19:12:02', 500),
(12, 52, 17, 551405, 'beatae', '2019-12-23 20:12:39', 400),
(13, 6, 70, 594977, 'omnis', '2022-02-10 08:03:21', 200),
(14, 61, 52, 480721, 'at', '2021-02-16 10:27:03', 400),
(15, 85, 22, 95620, 'aliquam', '2020-06-26 09:36:11', 300),
(16, 91, 93, 705574, 'fugit', '2020-07-20 01:27:49', 100),
(17, 14, 60, 615282, 'aut', '2020-11-11 17:43:56', 500),
(18, 35, 43, 629300, 'dolor', '2021-03-08 15:16:12', 200),
(19, 55, 69, 603812, 'harum', '2021-01-21 21:54:50', 300),
(20, 6, 41, 74647, 'aut', '2022-02-10 08:03:21', 300),
(21, 21, 92, 564674, 'aspernatur', '2020-06-08 21:35:36', 200),
(22, 41, 62, 224892, 'optio', '2020-04-27 11:05:30', 200),
(23, 1, 73, 513069, 'corporis', '2021-11-14 22:35:43', 400),
(24, 26, 88, 795850, 'eos', '2021-12-12 07:58:46', 300),
(25, 47, 6, 374104, 'deserunt', '2021-08-25 06:32:04', 400),
(26, 45, 78, 354853, 'ducimus', '2020-07-23 20:32:15', 300),
(27, 38, 84, 939528, 'voluptatem', '2022-05-14 06:51:32', 200),
(28, 84, 57, 535246, 'eos', '2020-11-25 08:13:57', 500),
(29, 37, 8, 985867, 'sed', '2022-05-24 07:13:52', 400),
(30, 76, 79, 387637, 'sunt', '2020-11-06 23:26:34', 300),
(31, 25, 17, 147819, 'dolor', '2021-08-30 17:45:44', 500),
(32, 20, 10, 494973, 'qui', '2021-12-21 08:39:38', 200),
(33, 68, 66, 251039, 'beatae', '2019-10-22 05:42:35', 100),
(34, 50, 4, 641713, 'et', '2022-03-26 12:12:03', 500),
(35, 58, 45, 910504, 'maxime', '2022-02-03 01:05:08', 400),
(36, 70, 57, 880449, 'suscipit', '2021-01-01 16:39:49', 300),
(37, 21, 72, 418877, 'non', '2020-10-12 19:51:17', 200),
(38, 35, 91, 175027, 'saepe', '2021-06-03 00:28:19', 300),
(39, 32, 55, 534201, 'voluptatum', '2022-06-05 12:33:40', 200),
(40, 18, 93, 306549, 'blanditiis', '2020-08-04 06:43:32', 100),
(41, 88, 27, 856699, 'dicta', '2021-06-04 01:00:58', 200),
(42, 55, 84, 810347, 'hic', '2019-10-21 07:59:46', 400),
(43, 23, 18, 192020, 'accusantium', '2021-12-11 07:30:24', 200),
(44, 24, 98, 204013, 'numquam', '2021-04-05 09:44:12', 200),
(45, 15, 8, 559088, 'rerum', '2019-12-31 02:01:17', 200),
(46, 79, 13, 866660, 'ut', '2021-12-31 20:57:08', 200),
(47, 74, 12, 626874, 'et', '2020-01-04 15:35:20', 200),
(48, 41, 71, 58440, 'non', '2020-05-21 23:26:10', 300),
(49, 53, 39, 777967, 'rerum', '2020-01-02 04:14:49', 100),
(50, 50, 55, 485444, 'eum', '2020-01-10 02:49:07', 300),
(51, 24, 18, 809062, 'quia', '2022-02-16 03:33:16', 100),
(52, 57, 22, 437236, 'nam', '2022-01-25 14:49:20', 300),
(53, 53, 82, 926968, 'quia', '2020-03-12 15:04:03', 100),
(54, 20, 91, 919709, 'ex', '2022-01-30 20:33:52', 200),
(55, 34, 32, 176457, 'porro', '2022-03-27 16:31:54', 400),
(56, 89, 15, 836071, 'et', '2021-07-11 19:17:41', 500),
(57, 59, 27, 900601, 'ipsa', '2020-02-14 10:33:59', 500),
(58, 95, 82, 227704, 'voluptates', '2021-08-01 17:19:52', 500),
(59, 11, 5, 199023, 'reiciendis', '2020-11-28 14:41:07', 400),
(60, 24, 59, 40729, 'ut', '2021-12-18 20:07:30', 300),
(61, 40, 77, 614292, 'ipsam', '2022-01-01 12:14:09', 100),
(62, 44, 47, 228979, 'aut', '2020-10-13 06:26:29', 300),
(63, 70, 5, 479151, 'blanditiis', '2021-12-15 19:37:42', 100),
(64, 95, 38, 200120, 'sint', '2022-05-07 16:34:04', 500),
(65, 23, 35, 949643, 'exercitationem', '2022-04-29 13:12:25', 500),
(66, 15, 2, 340479, 'magnam', '2021-12-02 13:48:32', 100),
(67, 36, 3, 610525, 'perspiciatis', '2021-11-25 19:16:13', 400),
(68, 13, 96, 260627, 'similique', '2021-04-28 05:50:00', 100),
(69, 58, 99, 591935, 'accusantium', '2021-12-08 21:15:25', 200),
(70, 10, 6, 690404, 'dolore', '2021-06-26 02:13:36', 400),
(71, 94, 38, 519749, 'sit', '2020-07-07 19:08:15', 100),
(72, 98, 30, 949525, 'excepturi', '2020-07-21 03:58:55', 300),
(73, 27, 49, 851796, 'rerum', '2022-05-09 08:21:57', 100),
(74, 87, 42, 830620, 'eos', '2020-03-07 14:02:49', 500),
(75, 34, 71, 814376, 'deserunt', '2022-06-07 20:35:28', 100),
(76, 71, 57, 346467, 'ut', '2022-01-11 19:38:24', 400),
(77, 88, 87, 122514, 'quod', '2022-01-24 17:23:48', 500),
(78, 85, 23, 569662, 'quo', '2022-03-20 09:43:23', 300),
(79, 98, 37, 160865, 'doloremque', '2021-03-26 16:54:42', 300),
(80, 93, 78, 890810, 'minima', '2022-04-24 21:24:28', 400),
(81, 21, 90, 250450, 'est', '2020-07-29 14:01:47', 300),
(82, 70, 95, 134507, 'exercitationem', '2020-06-30 04:05:06', 100),
(83, 73, 34, 832302, 'corrupti', '2020-09-23 11:51:27', 400),
(84, 87, 12, 653283, 'consequuntur', '2019-12-26 11:59:45', 300),
(85, 14, 42, 604529, 'et', '2019-10-16 18:30:31', 400),
(86, 10, 71, 690244, 'aliquid', '2021-02-08 08:41:14', 500),
(87, 33, 59, 838008, 'qui', '2021-02-20 02:55:20', 200),
(88, 81, 85, 249775, 'aut', '2021-11-25 20:30:36', 100),
(89, 48, 21, 343398, 'distinctio', '2021-02-22 10:08:34', 300),
(90, 45, 101, 886248, 'recusandae', '2021-01-12 02:28:36', 500),
(91, 10, 40, 647992, 'amet', '2022-04-13 18:47:37', 500),
(92, 66, 26, 501035, 'et', '2020-04-06 23:23:25', 500),
(93, 78, 13, 248729, 'magnam', '2020-10-28 01:40:07', 100),
(94, 18, 23, 708746, 'excepturi', '2021-09-30 11:13:58', 200),
(95, 16, 16, 171364, 'accusantium', '2019-10-05 14:07:42', 500),
(96, 9, 46, 192836, 'et', '2020-04-28 14:04:14', 100),
(97, 99, 73, 32908, 'quae', '2020-02-01 09:00:19', 500),
(98, 64, 34, 299618, 'qui', '2019-10-11 12:02:37', 100),
(99, 33, 99, 198399, 'eaque', '2020-01-11 18:02:19', 400),
(100, 40, 53, 572047, 'rerum', '2020-09-25 23:29:46', 400),
(101, 49, 76, 738713, 'error', '2019-11-10 23:28:34', 100),
(102, 1, 96, 0, '62b021b8af621', '2022-06-20 07:28:56', 100);

-- --------------------------------------------------------

--
-- Structure de la table `command_product`
--

DROP TABLE IF EXISTS `command_product`;
CREATE TABLE IF NOT EXISTS `command_product` (
  `command_id` int(11) NOT NULL,
  `product_id` int(11) NOT NULL,
  PRIMARY KEY (`command_id`,`product_id`),
  KEY `IDX_3C20574E33E1689A` (`command_id`),
  KEY `IDX_3C20574E4584665A` (`product_id`)
) ENGINE=InnoDB DEFAULT CHARSET=utf8mb4 COLLATE=utf8mb4_unicode_ci;

--
-- Déchargement des données de la table `command_product`
--

INSERT INTO `command_product` (`command_id`, `product_id`) VALUES
(1, 7),
(1, 19),
(1, 21),
(1, 50),
(1, 60),
(1, 97),
(1, 100),
(2, 4),
(2, 43),
(2, 48),
(2, 83),
(3, 16),
(3, 38),
(3, 71),
(3, 80),
(3, 82),
(4, 88),
(5, 33),
(5, 35),
(5, 58),
(5, 60),
(5, 74),
(6, 25),
(6, 77),
(7, 23),
(7, 60),
(7, 80),
(8, 25),
(8, 52),
(8, 57),
(8, 70),
(8, 79),
(9, 1),
(9, 31),
(9, 38),
(9, 39),
(9, 40),
(10, 19),
(12, 65),
(12, 87),
(13, 30),
(13, 67),
(13, 73),
(14, 11),
(14, 27),
(14, 56),
(15, 4),
(15, 19),
(15, 27),
(16, 23),
(16, 84),
(17, 49),
(17, 59),
(17, 85),
(17, 89),
(17, 95),
(18, 25),
(18, 42),
(18, 45),
(19, 11),
(19, 42),
(19, 52),
(19, 88),
(20, 29),
(20, 32),
(20, 50),
(21, 18),
(21, 34),
(21, 39),
(21, 57),
(21, 68),
(22, 87),
(23, 52),
(24, 41),
(24, 89),
(24, 93),
(24, 96),
(25, 3),
(25, 72),
(26, 14),
(26, 26),
(26, 69),
(27, 27),
(27, 33),
(27, 61),
(28, 10),
(28, 30),
(28, 44),
(28, 81),
(28, 88),
(30, 3),
(30, 28),
(30, 37),
(30, 77),
(31, 92),
(31, 95),
(32, 30),
(32, 50),
(32, 72),
(32, 79),
(33, 38),
(33, 64),
(33, 68),
(33, 72),
(34, 11),
(34, 12),
(34, 26),
(34, 47),
(34, 51),
(34, 81),
(35, 7),
(36, 28),
(36, 49),
(36, 63),
(37, 4),
(37, 6),
(37, 40),
(38, 15),
(38, 21),
(38, 35),
(38, 46),
(39, 56),
(39, 69),
(41, 73),
(42, 9),
(42, 22),
(42, 62),
(43, 14),
(43, 24),
(43, 37),
(43, 48),
(43, 50),
(43, 70),
(44, 2),
(44, 95),
(45, 20),
(45, 76),
(46, 35),
(47, 30),
(47, 37),
(47, 65),
(47, 94),
(48, 43),
(48, 84),
(49, 3),
(49, 13),
(49, 26),
(49, 78),
(50, 7),
(50, 8),
(50, 51),
(50, 68),
(50, 70),
(50, 77),
(51, 6),
(51, 40),
(52, 8),
(52, 20),
(52, 78),
(53, 46),
(53, 72),
(54, 8),
(54, 32),
(54, 88),
(56, 15),
(56, 28),
(57, 99),
(58, 69),
(59, 52),
(60, 20),
(60, 59),
(60, 69),
(60, 80),
(61, 34),
(61, 35),
(61, 91),
(62, 3),
(62, 28),
(63, 5),
(64, 46),
(66, 7),
(66, 11),
(66, 39),
(66, 55),
(67, 28),
(67, 58),
(67, 101),
(68, 78),
(68, 98),
(69, 47),
(70, 2),
(70, 13),
(70, 68),
(71, 21),
(71, 52),
(71, 55),
(71, 93),
(72, 13),
(72, 66),
(73, 43),
(73, 47),
(73, 48),
(73, 55),
(74, 48),
(75, 10),
(75, 17),
(75, 24),
(75, 70),
(75, 95),
(76, 61),
(77, 71),
(77, 77),
(77, 91),
(78, 4),
(78, 13),
(78, 16),
(79, 21),
(79, 26),
(79, 54),
(79, 55),
(79, 61),
(80, 37),
(80, 42),
(80, 47),
(80, 74),
(81, 16),
(81, 46),
(81, 59),
(81, 78),
(81, 95),
(82, 14),
(82, 27),
(82, 32),
(82, 97),
(83, 40),
(84, 7),
(84, 10),
(84, 29),
(84, 40),
(85, 5),
(85, 71),
(86, 22),
(86, 59),
(86, 83),
(87, 39),
(87, 79),
(88, 1),
(88, 72),
(88, 80),
(89, 5),
(89, 8),
(89, 37),
(89, 49),
(89, 73),
(89, 87),
(90, 4),
(90, 51),
(91, 30),
(91, 39),
(91, 53),
(92, 51),
(92, 69),
(92, 86),
(93, 29),
(93, 83),
(94, 14),
(94, 97),
(95, 60),
(96, 2),
(96, 44),
(96, 48),
(96, 88),
(96, 92),
(96, 93),
(97, 38),
(97, 75),
(98, 59),
(98, 73),
(99, 57),
(99, 70),
(99, 80),
(100, 14),
(100, 26),
(100, 36),
(100, 43),
(101, 2),
(101, 8),
(101, 34),
(101, 90);

-- --------------------------------------------------------

--
-- Structure de la table `product`
--

DROP TABLE IF EXISTS `product`;
CREATE TABLE IF NOT EXISTS `product` (
  `id` int(11) NOT NULL AUTO_INCREMENT,
  `brand_id` int(11) NOT NULL,
  `label` varchar(255) COLLATE utf8mb4_unicode_ci NOT NULL,
  `description` longtext COLLATE utf8mb4_unicode_ci NOT NULL,
  `price` int(11) NOT NULL,
  `stock` int(11) DEFAULT NULL,
  `is_active` tinyint(1) NOT NULL,
  PRIMARY KEY (`id`),
  KEY `IDX_D34A04AD44F5D008` (`brand_id`)
) ENGINE=InnoDB AUTO_INCREMENT=102 DEFAULT CHARSET=utf8mb4 COLLATE=utf8mb4_unicode_ci;

--
-- Déchargement des données de la table `product`
--

INSERT INTO `product` (`id`, `brand_id`, `label`, `description`, `price`, `stock`, `is_active`) VALUES
(1, 10, 'distinctio', 'Aut deserunt ea alias quia sequi perferendis sunt necessitatibus nostrum aut aut suscipit eius et illo odit minima sequi natus ratione et illo architecto et ut eveniet libero eum aliquid animi omnis at praesentium molestias dignissimos temporibus quo qui ad iste neque ipsam eaque sed maiores consectetur aut numquam odit eum sint recusandae consequuntur laudantium dolor voluptatem tempore nihil aut rerum aut nulla impedit.', 223999, 18, 0),
(2, 2, 'accusamus', 'Nobis delectus architecto et quidem earum et iure accusantium placeat saepe nihil placeat aspernatur quasi est velit quas reiciendis nisi natus cupiditate est inventore esse velit eligendi consequatur rem in quos molestiae eum aut optio omnis officia sit distinctio aut explicabo quae.', 757686, 10, 1),
(3, 10, 'sit', 'Perspiciatis cumque ad ea quam voluptate ipsa veritatis voluptatem doloremque dolores exercitationem adipisci perspiciatis explicabo exercitationem qui enim molestiae ea maxime autem totam aliquam alias quae omnis quam ut delectus voluptate esse ut incidunt illum dolorem esse eum distinctio pariatur aut quia impedit porro illo eius molestias quia quia ullam eveniet rerum architecto qui nam qui harum officia dolorum tenetur voluptatem rerum dolorem dolorem id.', 133836, 59, 0),
(4, 9, 'facilis', 'Sunt voluptatem et provident aliquid perferendis et qui consequatur rerum sed repellat velit eius aperiam corporis explicabo ad hic veritatis et vel numquam officiis ratione quam et voluptatem dolores repellendus fugiat esse minima doloribus eligendi velit consectetur eum excepturi itaque ipsa recusandae architecto voluptas placeat omnis culpa non eveniet quo voluptatem cum fugiat qui vel non neque pariatur pariatur veniam animi tempore.', 849788, 79, 1),
(5, 1, 'hic', 'Et neque accusantium dolore id quod illo nam aut exercitationem id odit accusantium fugiat quia eos vel non culpa debitis maxime eos aperiam neque in ut quidem harum illum temporibus dicta rerum omnis quo voluptatibus ullam voluptatem cumque quae sequi rerum dignissimos laudantium non explicabo quia dicta repellat itaque architecto aliquid ut sequi aut repellat sunt ut esse dicta vero velit molestiae vero.', 719570, 51, 0),
(6, 8, 'libero', 'Laboriosam voluptatum non facere veritatis quisquam placeat repellat magni sit commodi saepe quis neque id aspernatur a unde quis ab voluptatem mollitia rem voluptate odio sunt aut est voluptatem ut vel et.', 19580, 9, 1),
(7, 4, 'autem', 'Atque culpa qui exercitationem odit delectus est ipsum veritatis ipsam amet sed minus architecto temporibus voluptas quo ad cupiditate temporibus nobis tenetur delectus nesciunt debitis voluptatem dignissimos voluptas quaerat laborum sed quia itaque repudiandae qui rerum error id error quae doloribus minima saepe eaque ullam nesciunt ut reiciendis perspiciatis eos ut dolorum magni iste rerum ut ut id consectetur.', 120045, 39, 0),
(8, 5, 'quaerat', 'Velit qui quo aliquam repellat qui aut debitis laborum maiores nam nobis ea omnis architecto illum dolorum voluptatem reiciendis est omnis consectetur hic cumque repudiandae laboriosam accusantium dignissimos numquam voluptatum et animi officia dolor voluptates et quae sit nobis magni reiciendis velit quam corporis vitae nihil tempore culpa blanditiis accusamus voluptatum explicabo ut molestias voluptatem repellat dicta at accusantium nihil harum amet quia unde non magnam ut animi rerum.', 276478, 28, 0),
(9, 1, 'dolor', 'Facere eos illum aspernatur earum quia dicta est praesentium ea dolor numquam dolor aut explicabo quam vero voluptatibus accusantium harum quisquam perspiciatis voluptatem aspernatur voluptates quod voluptatem tempora dolor debitis excepturi deserunt veritatis.', 825724, 52, 0),
(10, 10, 'quasi', 'Veniam labore odit omnis sint earum perferendis amet soluta quo quaerat nihil ex eius error molestias tempore maiores modi quisquam enim odio et atque voluptas alias sed voluptates eius et dolor expedita quia et autem doloribus eius.', 689077, 34, 0),
(11, 5, 'minus', 'Optio magni sit suscipit repellendus nesciunt et recusandae consequuntur vel qui minus deserunt consequatur omnis fuga soluta voluptatem similique optio nulla nihil est dolores sed labore enim omnis quia qui laborum possimus eum nihil velit.', 860002, 32, 0),
(12, 7, 'repudiandae', 'Deserunt reiciendis non exercitationem et quia nulla eos ex facere pariatur incidunt laborum aut id consequuntur tenetur consectetur optio consequatur repellendus exercitationem excepturi beatae accusantium quo praesentium veritatis et qui ad dignissimos voluptatem eum doloremque fugiat quam dolorum laborum perspiciatis reprehenderit culpa qui qui quaerat aliquid quia impedit.', 264912, 56, 1),
(13, 7, 'dignissimos', 'Quasi adipisci et et voluptates esse deleniti quia rerum asperiores vitae atque voluptatem in et voluptatum et sed nihil omnis sint corrupti accusamus reprehenderit quae numquam ut ut accusantium ad facere qui est minus voluptas quae.', 885799, 84, 1),
(14, 10, 'saepe', 'Officiis non exercitationem consectetur voluptas quos reiciendis architecto dignissimos suscipit voluptatibus cum alias velit fuga blanditiis ipsam itaque aliquid iusto molestiae molestias excepturi minus totam earum et eius ipsum fuga dolor praesentium.', 135393, 39, 1),
(15, 1, 'voluptates', 'Voluptate sint reiciendis autem adipisci aperiam enim sunt ad quos id molestias quis velit debitis sed est laboriosam impedit delectus sequi eum necessitatibus non officia dolor quis optio voluptatem possimus quaerat fugiat est accusamus odit exercitationem recusandae ut sit rerum dolorem veniam sit aliquid impedit natus voluptas sit perspiciatis harum enim ut harum et debitis sit iste consequatur dolores voluptate nulla magnam occaecati nam.', 682290, 25, 1),
(16, 11, 'rem', 'Delectus architecto vero numquam aut repellendus itaque nulla eos quos laboriosam similique ipsam earum vitae qui sapiente ipsum accusamus quod ut ea sed voluptate animi reprehenderit voluptas quisquam temporibus aspernatur quaerat adipisci nihil perferendis delectus veritatis ut quo sed occaecati dignissimos tempore odio enim veniam eum.', 585968, 27, 0),
(17, 3, 'odit', 'Ut quod assumenda a qui sit ut sapiente fugit ullam veniam beatae sequi nemo aliquid ut quam ut eos illum quod est quo et id est illum veniam eos quam placeat labore maxime ab aut aut fugit fuga occaecati ut ea.', 431519, 52, 1),
(18, 13, 'perferendis', 'Pariatur iure veniam repudiandae quia recusandae harum qui aut eaque sit soluta labore et molestiae reprehenderit officia excepturi dolores dolor natus sed molestiae aut esse recusandae facere ut ut voluptas expedita asperiores totam animi officia architecto quidem natus autem tenetur quibusdam quia ut et esse est recusandae illum sit hic autem ullam sequi et voluptate dolorem ipsa eos libero corporis quam nobis aut aut eaque.', 921240, 59, 1),
(19, 15, 'necessitatibus', 'Enim et et saepe et non nisi dolores nihil dicta quod ratione libero ipsum voluptatem possimus reiciendis voluptatem non sapiente dicta cumque et facere praesentium aut eum libero consequatur eveniet voluptas maiores at cumque voluptatem nihil qui iure ea est molestiae unde maiores et perferendis non vel optio quas veritatis inventore enim nam autem sed iure voluptatem nulla eos est est.', 740029, 41, 1),
(20, 2, 'inventore', 'Suscipit culpa quidem libero quia occaecati ut repudiandae sit aut doloremque adipisci vero quia similique et dolores porro ex sed consectetur dolorem aspernatur veniam recusandae voluptatem non a aut dicta tenetur optio aut fugit reprehenderit animi non dolorum temporibus possimus iure aut quas sed inventore deserunt dolor praesentium enim aperiam ab perferendis sed suscipit incidunt et.', 13501, 90, 1),
(21, 8, 'deserunt', 'Quod odio veniam quia eum consectetur rerum enim quia voluptatem reiciendis nemo quas recusandae iusto deserunt qui sit nihil et deserunt perferendis expedita qui voluptatem beatae quia accusamus et libero consectetur officia voluptatibus.', 396022, 51, 1),
(22, 14, 'sapiente', 'Iusto nostrum cum quae voluptates dolorem molestiae aliquam maiores quia numquam ea voluptas aut qui placeat placeat dolor doloremque qui quis sapiente velit rerum eligendi quis rem nemo natus architecto eum et id dolor voluptatem ut non libero et et voluptas.', 639954, 48, 0),
(23, 7, 'ut', 'Laudantium non nemo adipisci iste numquam voluptas nihil ullam tempore nostrum illo quos minus provident sit ad ea vel sed sunt magni itaque architecto tempora consectetur voluptas repellendus aut praesentium ut adipisci est provident voluptas quod dolore facere porro sit omnis quis autem minima suscipit sunt optio autem consequatur autem sunt velit eveniet voluptas placeat illum ab nobis molestiae accusamus sapiente quia iste.', 157500, 7, 1),
(24, 9, 'ullam', 'Maiores hic voluptas aperiam veniam magni iusto dolores consectetur accusamus cupiditate impedit repellendus ab temporibus aut nulla sequi quasi laboriosam omnis voluptas vel corrupti laboriosam ullam quo commodi error minus dolor quod rerum laboriosam voluptate dolorum accusamus quia dolor omnis qui enim voluptatem minus ut et et dolore quia illo explicabo dolores ab aut fuga illum ut pariatur sit et.', 855519, 32, 1),
(25, 10, 'quis', 'Iusto dolores rerum ullam voluptas nemo quia iusto quas quia maxime veritatis minima non illum dolorem voluptatem tempore architecto fugiat voluptas magnam repellendus laborum quo non vel facilis itaque accusamus enim quia beatae nobis voluptas rerum ratione molestiae dolores voluptatem eos excepturi ullam et vitae voluptatum libero nulla sed nobis qui rerum quis qui quo tempora cumque eos alias nihil porro totam voluptatum fugit ut.', 697024, 55, 0),
(26, 5, 'rerum', 'Consectetur aut consequatur eveniet ipsam saepe quam quia non dicta quia sint a aliquam facilis ad facere atque eum ut error enim aliquid delectus quis error repudiandae animi a dolorem est est doloremque quaerat similique voluptates inventore voluptatibus optio accusamus tenetur occaecati molestiae in similique soluta est quas unde quibusdam magni aut porro quos repellendus repellendus cupiditate ut suscipit.', 702182, 29, 0),
(27, 10, 'soluta', 'Dolores ratione accusamus quo necessitatibus blanditiis repellendus ut culpa quo molestiae voluptas quas quam voluptatem aliquid corporis deleniti laborum molestias quia quia sint placeat id cum qui omnis quia eum qui asperiores tenetur eius mollitia placeat explicabo debitis qui eos alias ab sed adipisci odit eos quam incidunt nisi.', 148015, 18, 1),
(28, 1, 'adipisci', 'Quas sunt laboriosam accusantium amet excepturi id et ea voluptate inventore sed aut earum mollitia minus laudantium numquam non quibusdam qui iusto modi eligendi velit maxime nihil molestiae ab laborum voluptate iure ea quos quo.', 387357, 11, 1),
(29, 5, 'eius', 'Atque ea aliquid ea minima quas neque eaque voluptatem et nesciunt dicta quod quos consequatur enim doloribus error vero nemo et facilis distinctio nemo eveniet ducimus aut similique qui dicta commodi dolorem distinctio libero ea quia est eius repellendus cumque corrupti nam qui necessitatibus et aperiam perferendis ut.', 555006, 36, 1),
(30, 4, 'qui', 'Aliquam a atque aut dicta iure repellat et ut et necessitatibus quae consectetur ut voluptatibus architecto praesentium sapiente nihil quia tempora nihil eum nam rerum ea odit est tenetur ex dolore voluptate voluptatem dolore sed ut occaecati inventore excepturi at sapiente sapiente ut veniam voluptas culpa blanditiis modi iste repellat.', 444404, 45, 1),
(31, 8, 'voluptatibus', 'Aut ipsam magnam sit officia assumenda accusamus aut veritatis nesciunt est qui minus necessitatibus aut iusto quasi molestiae earum commodi placeat qui vel pariatur et neque officia quidem non excepturi et ratione et ea est nulla harum explicabo unde atque aut ratione quidem consequatur fugiat nihil at odit nobis in iste impedit rerum quaerat dolor minima sint rerum pariatur eius voluptatem deleniti molestias sunt modi cumque.', 187262, 49, 1),
(32, 5, 'officiis', 'Commodi veritatis tempora labore dolor minima voluptatum rerum ea eos aut quidem nulla quidem omnis temporibus eos qui quas corrupti et distinctio quis rerum voluptas quibusdam beatae nostrum qui laborum et repellendus autem fuga beatae fugiat ad esse eius dolor facilis natus voluptas sequi maiores quibusdam quaerat consequatur aperiam est nostrum voluptatibus.', 415163, 17, 1),
(33, 12, 'omnis', 'Maxime quia sint doloremque quisquam aut voluptas culpa blanditiis modi magnam quos dolores quis iste quia ipsa occaecati quod eius dolorum itaque suscipit ratione laudantium dolores non animi numquam consequatur at iste laboriosam voluptas aut minus quibusdam totam quam repellendus sint sed ut expedita numquam dolorem quidem ullam quasi laboriosam natus.', 113531, 37, 1),
(34, 11, 'voluptas', 'Distinctio sed enim voluptas sint consequatur sed dignissimos tenetur deleniti rerum consequatur quo est dolores dicta ut ea repudiandae delectus esse velit est maxime excepturi deleniti pariatur aut cum ducimus vitae sit et beatae aut ad ab in error sit voluptatem perspiciatis est aliquid impedit et non impedit ut consequuntur omnis.', 814039, 80, 0),
(35, 4, 'neque', 'Fuga praesentium voluptates perferendis at quod et amet dolorum aspernatur voluptate est animi quia et possimus tenetur quia assumenda necessitatibus inventore veritatis quos et et nihil eum non omnis quisquam culpa corrupti vel dolorem.', 657355, 61, 0),
(36, 9, 'unde', 'Enim ex quia sequi provident numquam vitae expedita animi cupiditate sit reprehenderit quia esse aut delectus omnis vel nobis ut est aut ea facere architecto aspernatur ut voluptatem dignissimos et voluptas illum sequi in officiis voluptatem qui temporibus laudantium at eveniet harum aperiam fugiat asperiores cupiditate enim enim odit culpa dicta veniam adipisci ex non qui veritatis et.', 120095, 75, 1),
(37, 14, 'pariatur', 'Atque deserunt ipsum laboriosam est nihil dolore dolore repellendus deserunt in voluptatem deserunt accusamus qui est quod ratione quidem odit unde quis ex molestiae blanditiis est autem est incidunt a aut dolorem consequatur quo asperiores velit at dolorem error non laboriosam vero voluptatem in quis repellat et voluptas veritatis earum fuga temporibus molestiae maxime praesentium vel minima dolor distinctio et dolores vitae aut quis magnam magnam nihil ea officia ratione.', 409218, 71, 1),
(38, 4, 'atque', 'Pariatur dolore in eaque cum quia perspiciatis rem ad vitae magni quam accusamus aut fugiat officia libero nesciunt aliquam facilis sunt perferendis assumenda soluta exercitationem et recusandae voluptas repellat adipisci in est eius temporibus at officia voluptatem temporibus dolores qui magni harum eos et laudantium et culpa aliquid assumenda nesciunt est aut quo vel eveniet dolor aut et omnis magnam eligendi ea eos id quia non ratione explicabo rerum.', 207032, 20, 1),
(39, 8, 'porro', 'Doloremque commodi beatae itaque nobis est vitae vel rerum aut provident magnam a ex quaerat et quia voluptate animi unde vel fugit eveniet cupiditate quasi rerum quia quia enim enim animi reprehenderit sint excepturi ea est corrupti tempore similique consequuntur laboriosam dolor dignissimos soluta omnis natus quia quidem id rerum repellat doloribus repellat laboriosam nobis adipisci tempore.', 141361, 41, 1),
(40, 13, 'expedita', 'Quo consequatur odio odio quia sed sapiente non earum est labore ut voluptas sed eius quasi rerum pariatur non asperiores doloremque ipsa reiciendis et tenetur deleniti quibusdam autem mollitia non occaecati explicabo placeat veniam magni fugit perspiciatis cupiditate modi totam sit quis quo voluptate voluptas recusandae aperiam ex.', 729185, 8, 1),
(41, 1, 'laudantium', 'Aut quia maxime sapiente dolores similique id ipsum animi sed incidunt incidunt ducimus incidunt nemo autem exercitationem accusantium sed repellat voluptate quae autem tempore placeat voluptatem eos est velit magnam velit hic magni quisquam consequuntur autem ut omnis eligendi ut voluptas doloremque sed distinctio repellendus dolorum qui.', 208991, 96, 0),
(42, 10, 'laborum', 'Non laudantium animi ut est quia quos odio ut in recusandae id excepturi perferendis sed ipsa quo velit excepturi dolorum illo voluptatibus enim non adipisci quam laboriosam expedita provident reiciendis iure ex est alias.', 827724, 24, 1),
(43, 15, 'ipsum', 'Sit harum repellendus voluptates autem aspernatur qui incidunt aut illo voluptatem et aut omnis dignissimos maiores voluptatem esse quasi ut provident rerum eum sint eos minima et magnam quia quia a eaque tempora quia ex id qui assumenda occaecati.', 789664, 25, 1),
(44, 4, 'quos', 'Nisi est autem dolore expedita ut eos assumenda expedita rerum nesciunt adipisci consequuntur voluptates et dolores labore facere numquam expedita corrupti quidem earum est sit dolores consectetur id cupiditate et sunt suscipit eos et et dolores excepturi sed qui.', 620773, 12, 1),
(45, 10, 'excepturi', 'Ducimus expedita et voluptas molestiae et qui quia hic cupiditate sequi dicta velit itaque nihil in magnam iure optio et aut nam aspernatur neque aut quidem modi autem nemo sint atque voluptas aliquid et est totam maiores ducimus assumenda ab ex non eum recusandae omnis earum magnam incidunt modi perferendis ea et non molestiae aut illo dolor minus non aperiam nemo et porro eveniet sequi voluptatem quos deserunt omnis.', 399533, 52, 1),
(46, 6, 'veritatis', 'Quasi quam assumenda molestiae unde atque expedita architecto itaque modi ullam adipisci sequi maxime non et minus dignissimos eius sed natus culpa quasi fugiat cum hic esse at occaecati sint qui quibusdam ut error sit optio labore et quis deserunt optio impedit.', 727647, 71, 1),
(47, 5, 'numquam', 'Tempore laudantium laboriosam eligendi ipsa est dolores corporis dolores omnis voluptates et beatae rerum optio vero sed porro consequuntur accusamus pariatur aut explicabo quos eum delectus aspernatur ipsa nostrum eos aut amet adipisci repudiandae consequatur dolorem optio perspiciatis reiciendis a maxime culpa.', 681553, 11, 0),
(48, 3, 'commodi', 'Voluptatem omnis ducimus est mollitia rerum est quod eum quo fugiat harum sapiente repellat quo qui reprehenderit deleniti dignissimos libero doloribus quis provident molestias aut aspernatur voluptatem et dolorum et omnis quos quia accusamus.', 361458, 36, 0),
(49, 15, 'explicabo', 'Nam inventore molestiae et sed enim necessitatibus veniam assumenda explicabo magni eaque vitae dolores inventore quia rem unde consequatur iure eaque pariatur voluptatem ut ut id voluptates ullam eum deleniti adipisci assumenda architecto eveniet ut rem est sunt quia sunt similique sunt earum sint quaerat repellendus dicta temporibus pariatur molestias expedita sapiente ut nam laboriosam eaque.', 522389, 76, 1),
(50, 3, 'aut', 'Laboriosam et totam inventore corrupti voluptatem ipsam aspernatur autem est dolore earum consequatur atque ducimus quisquam consequatur ducimus vel et qui in quidem dolorum molestias aut quae quae nobis incidunt doloremque cumque similique unde qui amet laboriosam expedita et voluptatem est magni consequatur culpa ipsum consequatur ad numquam dolorem asperiores.', 289336, 100, 0),
(51, 6, 'nemo', 'Consequatur fuga fuga facilis fuga quod voluptas dolore eligendi soluta cumque rem harum rem sapiente eligendi voluptas modi nesciunt quos exercitationem necessitatibus fugit est ut repellendus qui voluptatem delectus et quia est consequatur magni nam labore quis.', 609031, 4, 1),
(52, 11, 'nulla', 'Ipsam aut molestiae reprehenderit tempore autem quia maxime est nemo molestiae consectetur suscipit veniam in ratione sed quis voluptatem pariatur ea inventore eligendi asperiores nihil vel optio maxime et qui illo facilis qui expedita tempora totam hic explicabo illo dolorem ut mollitia temporibus animi adipisci officiis iusto atque maxime dolor optio maxime suscipit eligendi ea occaecati quasi veniam exercitationem quaerat voluptatem amet praesentium possimus illo.', 480037, 15, 0),
(53, 7, 'in', 'Nobis vel ad odio accusamus in quam sit autem in quibusdam laborum aliquid eum id ducimus velit repellat asperiores natus porro odit deleniti ea enim sit et laboriosam sapiente sapiente reprehenderit magnam fuga ut iste ad consequatur quae sequi vitae vitae voluptates ducimus officiis porro necessitatibus repudiandae eos beatae illum magni est unde quibusdam in ipsa.', 519642, 60, 0),
(54, 3, 'tempore', 'Repudiandae ea maiores est quae doloribus incidunt quisquam temporibus asperiores autem exercitationem molestiae unde distinctio officiis fuga quia in dolores tempora nemo quaerat quae nesciunt reiciendis ipsa temporibus voluptates alias dicta repudiandae nihil repellat officia velit consequuntur dicta minima veniam ipsum velit soluta quae beatae veritatis illum enim nisi aliquid culpa ea dolore sit placeat laudantium facere qui.', 982484, 25, 1),
(55, 6, 'odio', 'Velit dolores molestiae odit architecto illum qui earum praesentium voluptates numquam odio quis unde animi eaque iure non suscipit fugit et nemo voluptate ut amet esse corporis distinctio ea molestiae illum repellat placeat accusantium natus odio aut.', 384371, 72, 1),
(56, 15, 'incidunt', 'Aut repudiandae voluptates quibusdam quidem sequi amet vel quas officiis sint et eum a enim delectus distinctio occaecati voluptate praesentium eos voluptatem voluptas quaerat suscipit qui ratione neque consectetur debitis veritatis ipsam quos placeat soluta iusto doloribus qui est occaecati non nisi dolorum.', 13520, 13, 1),
(57, 3, 'dolorum', 'Expedita non recusandae harum autem qui magnam adipisci placeat necessitatibus quam iure necessitatibus perferendis et accusamus delectus aliquam dolorem cum autem a minus incidunt totam adipisci suscipit consequatur nisi id numquam temporibus cum sed est rerum ratione repudiandae qui quae quaerat deleniti explicabo suscipit dolore iste hic sequi sed sunt quo omnis minima accusamus voluptatum voluptate explicabo consectetur minus magnam suscipit nemo voluptatem soluta suscipit.', 641004, 99, 0),
(58, 14, 'sint', 'Voluptatem laudantium sed neque officia repellat id aliquid voluptas iusto animi consequatur fugit adipisci fuga aspernatur distinctio quos illum autem est id voluptatibus sint vitae rerum est sequi inventore vitae eaque sit provident repudiandae atque atque magni quia ut eaque aspernatur vero nostrum exercitationem impedit qui a consequatur praesentium nobis ea omnis dolorem nihil eius.', 130387, 10, 1),
(59, 2, 'totam', 'Consequatur molestias recusandae non hic qui et libero aperiam commodi dolor quos repellat velit provident animi et ex maxime culpa omnis repudiandae tempora quasi occaecati aut fugit dolor dicta dolorem ea voluptates assumenda officia et neque delectus itaque aut qui illum hic hic possimus at consequatur doloribus voluptatem voluptatem tempore nostrum fugiat recusandae doloribus natus a consectetur ipsa voluptatem atque.', 599807, 80, 1),
(60, 4, 'ea', 'Sit tempora molestias perferendis autem at dolor quis quia et animi corrupti id dolorem nihil excepturi magnam adipisci ut illum rerum amet velit rem voluptas assumenda ut qui aut expedita quia quod enim vel omnis recusandae.', 640391, 17, 1),
(61, 6, 'voluptatem', 'Recusandae eveniet magnam et error et ut omnis vitae repellat veritatis vel dolores voluptatem minima aperiam delectus similique necessitatibus ad est cumque et vel aut dicta est quae dolores consectetur asperiores.', 219456, 77, 1),
(62, 13, 'non', 'Sapiente et unde sequi et blanditiis id enim dolores non debitis occaecati pariatur iure natus quibusdam dolorem ut repellat repudiandae quia praesentium rerum quas error vero voluptates eum similique voluptatem nihil quod sed ipsa doloremque in odio sed voluptatum.', 242332, 49, 1),
(63, 9, 'cumque', 'Et praesentium repellendus aut veritatis molestias ullam perspiciatis sed dolorum sequi quia doloremque earum vitae in et dolores ratione eos rerum nesciunt sapiente aspernatur iste repellendus aperiam non molestiae sint vel nisi fugiat vel laudantium et cum et.', 269947, 10, 1),
(64, 7, 'quod', 'Optio aut et hic est quia in atque quam mollitia sequi et nam quia ut fuga optio placeat quam vitae accusamus id voluptas sed est at iure debitis soluta itaque corrupti ut sunt eius est et enim doloremque magnam animi minima velit numquam ducimus perferendis sit voluptatem quam ut dolor aut ratione maxime ex fugiat quia fuga eum eos officiis vel odio voluptatem.', 64529, 71, 1),
(65, 2, 'eveniet', 'Nesciunt aut praesentium aperiam voluptatum dolorum voluptatem sunt debitis ut perspiciatis expedita consequatur cupiditate neque modi est atque et impedit maiores omnis minima voluptatum incidunt aspernatur eos temporibus officiis fugit tempore fuga et nemo libero porro perferendis eligendi et sunt tenetur id repellendus dolores consequatur itaque recusandae rerum.', 437855, 13, 1),
(66, 3, 'mollitia', 'Facere eum dolores in dolor dolorem quis quam ut ea vel ipsa et veniam non doloremque iure molestias aut deleniti dolor assumenda voluptatibus qui voluptas eos quia deleniti voluptas illum quaerat qui fuga temporibus facere vel ducimus et doloremque dolorem quae omnis officia voluptatem vitae nobis explicabo facere deserunt consequatur ratione delectus exercitationem odit quidem corrupti qui magni ex eum et adipisci dolorem qui praesentium nihil.', 541564, 14, 1),
(67, 4, 'velit', 'Quo aspernatur totam error dolore modi reiciendis molestiae natus eos dignissimos maiores sunt quia at aliquid ut sunt asperiores occaecati consequatur minus voluptas et consequuntur aliquid odio est a reiciendis et natus mollitia.', 832946, 75, 1),
(68, 5, 'iusto', 'Quia repudiandae numquam quas ratione iste deleniti ducimus vel tenetur ut vel voluptas enim voluptas dicta sunt omnis eos expedita recusandae sunt quidem ut nisi quia perferendis qui aut sint veritatis ab unde temporibus ex esse est nesciunt dignissimos in similique in facilis temporibus iste est porro nesciunt sint rerum molestias quisquam atque harum.', 282395, 35, 0),
(69, 1, 'est', 'Et magni dolore voluptatibus ex et tempora rerum odio explicabo nihil odio hic repellat voluptas id quidem asperiores quod velit alias repudiandae accusantium quia quos assumenda possimus modi cupiditate corrupti voluptatibus nesciunt sed neque aliquam sed molestias omnis dolorem dicta quis ut aut nesciunt illum aliquam reiciendis provident ducimus exercitationem qui voluptas asperiores aliquam necessitatibus excepturi vel ipsam est quasi quis tenetur deleniti facilis assumenda voluptas voluptates quasi provident amet.', 614285, 21, 0),
(70, 6, 'fugiat', 'Mollitia odio in occaecati rerum reprehenderit et laboriosam facilis dolores molestiae ullam voluptas odio voluptas rerum sint dolores dolorum sint nam eos et repellendus aut nihil ullam aperiam deleniti ea officia voluptatem qui harum eaque vero maxime aliquam quo quam beatae expedita corrupti quia necessitatibus sed numquam veniam velit quisquam commodi nemo et.', 340982, 43, 0),
(71, 11, 'assumenda', 'Maiores quae aperiam et adipisci ut accusamus ut ut dolor odit ut nesciunt iusto aut quo est harum id impedit provident consequuntur soluta eligendi sint tenetur perferendis illum laudantium magni sit soluta veniam voluptatem suscipit debitis dolorum ut inventore saepe et quo enim voluptatem rerum voluptatem aut dolore optio eaque ea voluptatum architecto aliquid consequatur voluptas cum molestias voluptas ipsam qui.', 349423, 39, 0),
(72, 3, 'doloremque', 'Consequuntur aut nihil neque voluptas neque ea voluptatibus eos sit voluptate voluptatem dolor cum eius occaecati modi et iure dolores veritatis sit non iure placeat laudantium et eum corrupti quia at voluptas blanditiis non tempora cupiditate unde earum sit totam quibusdam voluptatibus a eveniet optio possimus omnis quo non vero rerum neque rem praesentium laborum et nihil eos et est dignissimos vel veniam quod consequatur officiis eum aut quo aut.', 2262, 60, 1),
(73, 11, 'modi', 'Non quod a ipsa ut et aut quis velit sit occaecati dolorem cum ut et quidem rerum aut ducimus nihil iste ab iste vitae veritatis pariatur dignissimos culpa aperiam id soluta occaecati qui dolores veritatis laudantium delectus soluta id quae fugit hic praesentium sit ratione magni qui vero fuga iste ab molestias eum aut voluptatem quibusdam laborum consequatur aspernatur.', 272001, 17, 0),
(74, 10, 'maxime', 'Reprehenderit nihil placeat nisi est consequatur voluptatibus doloribus quas voluptatem fugiat velit numquam voluptatem molestiae quidem et ut aperiam earum et sed ad vitae praesentium pariatur est dolor placeat sed reprehenderit dolores qui perspiciatis et autem repellendus nihil modi dolor est eius officiis et nam.', 921085, 0, 0),
(75, 7, 'ex', 'Dolorem quis velit dignissimos corporis cumque qui ipsum quia error rerum autem repudiandae earum totam quisquam perferendis quia praesentium eos iure molestiae dolorum sunt dolores illum nulla rerum eaque qui consectetur omnis debitis distinctio provident vero ullam voluptatem dolores quasi quis voluptatem eum rerum quasi excepturi optio eum beatae esse et ex fuga quis voluptatem quod est aliquid aut est beatae.', 785343, 41, 0),
(76, 2, 'nesciunt', 'Et et ratione sed aliquam itaque voluptate sit aliquam accusantium assumenda rerum est commodi soluta accusamus voluptate temporibus culpa architecto debitis delectus et sunt ab veritatis exercitationem quaerat vel ipsam perferendis voluptatem sed et et reiciendis facere sed enim dolores ipsum nisi sed quis ut quas architecto.', 288287, 66, 0),
(77, 7, 'debitis', 'Officiis ullam consequatur similique nesciunt id illum quidem ut officia maxime iste accusantium quam impedit dolorem aut deleniti inventore ex excepturi accusamus rerum facilis veniam dolorem neque ut soluta beatae est eum ipsam aliquam voluptatum maiores.', 636716, 80, 0),
(78, 7, 'molestiae', 'Quia omnis veniam omnis harum tempora porro ea cupiditate quaerat omnis at repellendus laboriosam enim est eaque et aspernatur voluptas exercitationem non sequi culpa corporis reprehenderit et impedit et hic est ea veniam numquam esse id minima soluta est explicabo rerum.', 194847, 81, 0),
(79, 4, 'exercitationem', 'Quidem nesciunt adipisci sunt corrupti quaerat exercitationem aut quia quod modi voluptas quas et tenetur voluptatum quae qui sunt ut vero aperiam fugit molestias illo repudiandae modi mollitia sequi voluptas quisquam iste perferendis autem est id ea impedit est iure maxime sit nemo omnis quaerat sit illo quos natus.', 351435, 90, 0),
(80, 6, 'nobis', 'Possimus impedit exercitationem veritatis neque ut nisi rerum numquam voluptatem rerum qui aliquam rerum doloribus officia voluptates nihil nostrum voluptatem inventore sunt ea hic odio qui necessitatibus reiciendis qui dicta assumenda porro nisi ut est tenetur autem dolorem error molestias aut.', 198162, 50, 1),
(81, 7, 'nisi', 'Autem nihil unde exercitationem quidem qui quasi minima repellat voluptates repudiandae possimus itaque saepe quo reiciendis mollitia qui voluptatum corrupti sed optio culpa tenetur harum voluptates mollitia omnis qui molestiae delectus est ut non quam pariatur veniam alias fuga doloribus omnis consequatur animi placeat sed sit quas aut ut sint.', 244708, 57, 1),
(82, 13, 'quibusdam', 'Nostrum illo in ipsum iusto dolores quaerat ut quo fugit laudantium eos esse voluptate libero veritatis quaerat ea quaerat consectetur et non officiis quo minus eaque in autem perferendis quidem optio occaecati rerum assumenda quia aut quo.', 950075, 43, 1),
(83, 1, 'quo', 'Minus inventore exercitationem itaque consequatur pariatur est totam ea architecto commodi ut sed harum consequuntur ad praesentium accusamus recusandae et officiis nihil alias perspiciatis ut omnis quia fuga quia quia consequuntur suscipit fuga et voluptas sed voluptates dignissimos aut sapiente voluptatibus adipisci autem libero aut consequatur deleniti.', 827392, 44, 0),
(84, 3, 'minima', 'Maxime omnis consequatur rerum voluptatibus sunt quia omnis ut delectus velit vel eos sed dolorem et sed quibusdam ipsum quo amet blanditiis odit accusantium voluptatum ut odio qui qui quasi et et velit repellat totam officiis velit libero animi voluptatem omnis esse rerum asperiores quia molestiae animi maiores voluptates unde et facilis et repudiandae praesentium iusto rerum sint architecto est odit beatae odit blanditiis consectetur omnis necessitatibus commodi dolorem.', 273672, 73, 0),
(85, 13, 'accusantium', 'Corrupti quaerat cupiditate delectus reprehenderit nihil dolor incidunt vel tempora a unde repellendus in rerum voluptate exercitationem voluptate ullam eos consequatur dolorum sit harum a sequi odit sed quidem iure mollitia quia qui rerum voluptatem perferendis quaerat quia vel enim placeat qui sunt aut nisi soluta fuga recusandae unde nam ut ipsa iure est.', 534442, 84, 1),
(86, 11, 'repellat', 'Qui saepe ipsam minima deleniti iure porro impedit aut molestiae deserunt sit vitae eligendi omnis ex tempore aut et earum vero blanditiis atque ad qui et autem iure nisi nihil doloremque inventore qui excepturi officia voluptatem eum qui necessitatibus nostrum consequatur quibusdam voluptas distinctio dignissimos magni reiciendis labore corporis laudantium dolorem tempora aut hic odio ex minus voluptatum voluptatum doloribus non et earum praesentium voluptates consectetur quas repellendus explicabo reiciendis.', 123614, 79, 1),
(87, 7, 'dolores', 'At enim omnis minus similique autem nisi non voluptas veniam repellat et vel voluptates non minus perferendis tempore numquam dolores fugiat eum deserunt molestiae nostrum sit ut qui atque beatae alias enim incidunt quibusdam doloremque amet quas eveniet corrupti ut consequatur qui quos ut itaque voluptas quidem sed voluptatem placeat totam.', 21979, 52, 0),
(88, 1, 'magni', 'Ullam corporis voluptatem esse nihil voluptate ut qui laudantium et ut ut nemo velit hic neque et perferendis ut ipsa sint ducimus aut quia cum ratione reiciendis cumque sunt provident dolorem est.', 207851, 98, 0),
(89, 12, 'quia', 'Quia ratione et ex dolor quis expedita asperiores molestias ex in cupiditate et eos est quibusdam sed occaecati soluta porro vel facilis sunt adipisci quia nulla sequi debitis sapiente omnis dolor aliquid omnis et fugit sunt omnis id ab est neque sed sequi qui ratione.', 504477, 29, 1),
(90, 2, 'sed', 'Delectus nihil dolorum eum molestiae aliquam quis voluptatem maxime nobis soluta officia qui a facilis aliquid reiciendis quas quis quisquam maiores autem exercitationem facere accusantium ipsum quo error sunt optio id eos ad quaerat.', 742117, 57, 0),
(91, 9, 'et', 'Beatae ut quisquam quis ducimus et expedita sed at mollitia sed laboriosam assumenda porro libero reprehenderit aut repellendus et voluptatum eum tempore aperiam sit aut et odit non et laborum nobis incidunt dicta dolor non quae non iusto quas earum ut explicabo ut voluptas incidunt eos quia magnam perspiciatis dolorem eligendi libero est iusto at qui.', 370960, 51, 1),
(92, 1, 'magnam', 'Nemo totam doloribus culpa unde nesciunt dolor et a quisquam qui aliquid culpa voluptatum error eius nam cupiditate amet quaerat ut nemo harum aut facere assumenda dignissimos dolorem ab veritatis quia esse est eos aut aut deleniti ut qui doloremque ipsum quia.', 378681, 74, 1),
(93, 11, 'natus', 'Perferendis voluptatem eos nihil voluptate eveniet est repellat voluptatem in id dolores et odio nesciunt exercitationem distinctio officia suscipit ab neque fugiat quas quia id est ipsum et quas dolor dignissimos placeat temporibus quos delectus velit voluptas et quos amet praesentium voluptatem molestiae voluptate labore in voluptas dolor ipsam atque facilis.', 273676, 15, 0),
(94, 4, 'quae', 'Labore corporis ut exercitationem rerum porro omnis voluptas tenetur at optio aliquid suscipit omnis nihil nobis est nihil laborum nemo ducimus ipsam amet repellat possimus maiores repellendus alias eaque temporibus ducimus fugiat sit doloribus et rerum consectetur similique voluptatibus et dicta pariatur et in vel tempore aspernatur est placeat harum tempora rem dolorem explicabo corrupti consequatur soluta in qui.', 398170, 2, 1),
(95, 8, 'molestias', 'Iste maxime non animi nisi fugit magnam suscipit distinctio aut expedita labore consequatur et officia iusto voluptas quasi cumque debitis fuga necessitatibus asperiores cumque aut officiis autem consectetur delectus laudantium maxime omnis ducimus quo qui cum temporibus impedit dignissimos quo numquam assumenda recusandae eius ut.', 913636, 37, 1),
(96, 3, 'praesentium', 'Esse necessitatibus facere alias quis omnis harum est totam maxime corrupti assumenda architecto ullam quibusdam aliquam aperiam repellat et qui praesentium amet aliquid fuga amet repellat omnis nisi quasi architecto rem aspernatur et earum odit quasi vel velit quia odio et illo corrupti quas harum similique eaque consectetur ipsum consequatur esse corrupti voluptas dolorem nam accusantium vel ut corrupti.', 406441, 50, 1),
(97, 11, 'voluptate', 'Autem tempora odio dolorem laudantium omnis modi fugit eos dolor sit dolor accusamus hic tempora necessitatibus maxime dolor est cupiditate possimus laboriosam cumque et porro quia ut eligendi ut autem voluptatem sit explicabo culpa.', 87935, 86, 1),
(98, 11, 'ipsa', 'Vero a sed quidem et voluptas deleniti beatae labore blanditiis impedit qui enim voluptatem quo fuga quis blanditiis dolore molestiae eos et animi dolore voluptates quo facilis aut qui perspiciatis facilis deserunt eaque alias natus et rerum laboriosam voluptatem et officia officia voluptas tempora quo quasi nesciunt natus rerum occaecati aut aliquam ipsum sit consequatur.', 643720, 41, 1),
(99, 11, 'nostrum', 'Rerum sed dicta eligendi et ut et error qui nesciunt cupiditate ipsa necessitatibus qui esse incidunt sit aut quia rem corrupti enim cum temporibus autem accusantium dicta laudantium veritatis nesciunt ut fugiat repudiandae est omnis voluptatum et dolorum.', 852109, 47, 0),
(100, 7, 'perspiciatis', 'Quae rerum molestias eos quia placeat asperiores autem provident sit aut numquam tempora quidem consequuntur ipsam soluta quibusdam quis ut quos ducimus nemo quos vitae numquam dicta pariatur omnis ab saepe modi molestias adipisci qui quam culpa qui aliquam officia et facilis ad sed illo quos et consequatur earum sit recusandae ad dolorem sed sunt doloribus ea earum non in ad nam debitis sit magni at soluta sint omnis ullam est.', 861269, 55, 1),
(101, 5, 'suscipit', 'At atque et voluptatem eligendi enim modi odit velit id et dolorum aut nam qui maxime alias quae sed consequatur qui nobis est quo quia sed perspiciatis et explicabo adipisci et eaque nobis voluptatem laudantium non dolor error veritatis animi reiciendis officiis quia ut in rerum quasi quia sint dolor est atque nam.', 106018, 19, 0);

-- --------------------------------------------------------

--
-- Structure de la table `review`
--

DROP TABLE IF EXISTS `review`;
CREATE TABLE IF NOT EXISTS `review` (
  `id` int(11) NOT NULL AUTO_INCREMENT,
  `product_id` int(11) NOT NULL,
  `user_id` int(11) NOT NULL,
  `note` int(11) NOT NULL,
  `created_at` datetime NOT NULL,
  `content` longtext COLLATE utf8mb4_unicode_ci NOT NULL,
  PRIMARY KEY (`id`),
  KEY `IDX_794381C64584665A` (`product_id`),
  KEY `IDX_794381C6A76ED395` (`user_id`)
) ENGINE=InnoDB AUTO_INCREMENT=16 DEFAULT CHARSET=utf8mb4 COLLATE=utf8mb4_unicode_ci;

--
-- Déchargement des données de la table `review`
--

INSERT INTO `review` (`id`, `product_id`, `user_id`, `note`, `created_at`, `content`) VALUES
(1, 44, 73, 10, '2020-08-25 00:37:37', 'Dolore sit facilis quisquam vero eligendi nemo nisi voluptate nobis vero sit laborum unde sapiente atque.'),
(2, 17, 22, 1, '2020-07-19 06:51:13', 'Occaecati sequi quod assumenda praesentium amet ut laudantium voluptatem autem ratione hic nihil eligendi error dolore dolores autem voluptatum porro consequuntur.'),
(3, 31, 100, 16, '2020-09-22 03:20:16', 'Sint reprehenderit labore quo tempora mollitia dignissimos qui omnis recusandae molestias soluta ducimus maiores id non eius ipsa ut qui sed inventore.'),
(4, 45, 70, 18, '2020-12-26 19:28:09', 'Et laborum quia architecto temporibus alias ratione facere dolorem consequatur omnis eum placeat laborum consequatur enim id amet reprehenderit aperiam dolor quis velit nesciunt.'),
(5, 31, 11, 17, '2020-06-19 18:54:13', 'Incidunt voluptate laborum enim qui voluptas earum harum harum sequi magnam ut accusantium dolores vitae minima molestiae sed commodi officia itaque itaque similique.'),
(6, 86, 31, 19, '2020-10-15 22:27:28', 'Nemo quas ipsam eius magni animi totam enim illum quod non quas eum in sequi odio officiis perferendis sit omnis inventore est accusantium placeat deserunt quia dolor.'),
(7, 62, 71, 18, '2021-08-31 00:25:20', 'Dolores repellendus deleniti alias maxime sit sint corrupti et quas eum ut et nisi eum accusantium quia eligendi est repellendus.'),
(8, 58, 26, 6, '2021-06-08 08:52:47', 'Odit quia necessitatibus tempore asperiores odio consequuntur aperiam qui pariatur sit laborum est a ea et porro qui quo perspiciatis repellendus vitae reprehenderit excepturi ut.'),
(9, 91, 4, 12, '2021-10-30 03:40:44', 'Quae doloremque dolores necessitatibus natus ea qui est ad voluptatem sequi voluptatem eius inventore qui quam dolores consequatur sapiente rerum sed ea autem.'),
(10, 75, 15, 4, '2021-11-24 17:17:29', 'Officia sapiente eos sit corrupti maxime ut tenetur aut molestiae eius velit adipisci consequuntur fuga id qui dicta natus nulla a non accusantium nam mollitia.'),
(11, 44, 74, 18, '2021-12-11 10:33:56', 'Consequatur a praesentium et laborum et itaque voluptate similique dolorum modi qui eos consequatur voluptatibus ut enim quasi perferendis sit veniam nostrum perferendis non sed.'),
(12, 17, 63, 16, '2019-09-29 19:25:11', 'Veniam maxime velit facilis excepturi neque odit ratione amet quidem ut quo dolor nobis libero vel minima quia nulla quae tempore velit non itaque.'),
(13, 37, 53, 14, '2022-01-26 22:08:04', 'Ipsum ducimus distinctio explicabo et qui expedita ex possimus dolore voluptatum sequi autem consectetur quam sint debitis vero natus laboriosam fuga maxime ad qui mollitia est nostrum illo quod.'),
(14, 48, 95, 17, '2021-03-02 15:10:42', 'Ab est repudiandae sint eos aperiam eum veniam nostrum nostrum quia nobis aut aliquid doloremque vel sit.'),
(15, 68, 16, 20, '2020-06-03 08:13:19', 'Quae maxime distinctio quo voluptates odio ipsam porro aut dicta commodi nihil ullam qui saepe sunt deserunt adipisci id architecto numquam adipisci quasi accusantium.');

-- --------------------------------------------------------

--
-- Structure de la table `user`
--

DROP TABLE IF EXISTS `user`;
CREATE TABLE IF NOT EXISTS `user` (
  `id` int(11) NOT NULL AUTO_INCREMENT,
  `email` varchar(180) COLLATE utf8mb4_unicode_ci NOT NULL,
  `roles` longtext CHARACTER SET utf8mb4 COLLATE utf8mb4_bin NOT NULL CHECK (json_valid(`roles`)),
  `password` varchar(255) COLLATE utf8mb4_unicode_ci NOT NULL,
  `first_name` varchar(255) COLLATE utf8mb4_unicode_ci NOT NULL,
  `last_name` varchar(255) COLLATE utf8mb4_unicode_ci NOT NULL,
  `genre` varchar(255) COLLATE utf8mb4_unicode_ci NOT NULL,
  `birth_date` datetime NOT NULL,
  `created_at` datetime NOT NULL,
  PRIMARY KEY (`id`),
  UNIQUE KEY `UNIQ_8D93D649E7927C74` (`email`)
) ENGINE=InnoDB AUTO_INCREMENT=102 DEFAULT CHARSET=utf8mb4 COLLATE=utf8mb4_unicode_ci;

--
-- Déchargement des données de la table `user`
--

INSERT INTO `user` (`id`, `email`, `roles`, `password`, `first_name`, `last_name`, `genre`, `birth_date`, `created_at`) VALUES
(1, 'capriatti.tony@gmail.com', '[\"ROLE_ADMIN\"]', '$2y$13$DZ.Sc7G9Iz3IKbH0gFWRHudYurSv5DA0lWqgIoP7Cu11A/2xpSP1W', 'Jamal', 'Capart', 'Homme', '2022-06-20 06:32:12', '2021-12-07 05:29:24'),
(2, 'jasper67@considine.biz', '[\"ROLE_USER\"]', '$2y$13$DZ.Sc7G9Iz3IKbH0gFWRHudYurSv5DA0lWqgIoP7Cu11A/2xpSP1W', 'Ellen', 'Pfeffer', 'Femme', '2022-06-20 06:32:12', '2020-07-22 18:23:11'),
(3, 'alberta75@hotmail.com', '[\"ROLE_USER\"]', '$2y$13$DZ.Sc7G9Iz3IKbH0gFWRHudYurSv5DA0lWqgIoP7Cu11A/2xpSP1W', 'Braeden', 'McCullough', 'Femme', '2022-06-20 06:32:12', '2020-01-07 18:59:01'),
(4, 'bschulist@yahoo.com', '[\"ROLE_USER\"]', '$2y$13$DZ.Sc7G9Iz3IKbH0gFWRHudYurSv5DA0lWqgIoP7Cu11A/2xpSP1W', 'Earline', 'Lindgren', 'Femme', '2022-06-20 06:32:12', '2021-12-10 11:34:46'),
(5, 'raynor.susana@kihn.info', '[\"ROLE_USER\"]', '$2y$13$DZ.Sc7G9Iz3IKbH0gFWRHudYurSv5DA0lWqgIoP7Cu11A/2xpSP1W', 'Marion', 'Veum', 'Femme', '2022-06-20 06:32:12', '2021-03-09 19:13:30'),
(6, 'oconnell.myron@hotmail.com', '[\"ROLE_USER\"]', '$2y$13$DZ.Sc7G9Iz3IKbH0gFWRHudYurSv5DA0lWqgIoP7Cu11A/2xpSP1W', 'Earnestine', 'Champlin', 'Autres', '2022-06-20 06:32:12', '2019-11-20 22:27:01'),
(7, 'arnold99@gmail.com', '[\"ROLE_USER\"]', '$2y$13$DZ.Sc7G9Iz3IKbH0gFWRHudYurSv5DA0lWqgIoP7Cu11A/2xpSP1W', 'Jayde', 'Trantow', 'Homme', '2022-06-20 06:32:12', '2021-08-14 16:47:18'),
(8, 'timothy.smitham@gmail.com', '[\"ROLE_USER\"]', '$2y$13$DZ.Sc7G9Iz3IKbH0gFWRHudYurSv5DA0lWqgIoP7Cu11A/2xpSP1W', 'Willow', 'Mraz', 'Homme', '2022-06-20 06:32:12', '2021-12-25 17:33:34'),
(9, 'valentine39@yahoo.com', '[\"ROLE_USER\"]', '$2y$13$DZ.Sc7G9Iz3IKbH0gFWRHudYurSv5DA0lWqgIoP7Cu11A/2xpSP1W', 'Kendra', 'Gerlach', 'Homme', '2022-06-20 06:32:12', '2021-08-13 20:41:23'),
(10, 'hudson.timmy@mante.info', '[\"ROLE_USER\"]', '$2y$13$DZ.Sc7G9Iz3IKbH0gFWRHudYurSv5DA0lWqgIoP7Cu11A/2xpSP1W', 'Carey', 'Paucek', 'Autres', '2022-06-20 06:32:12', '2020-12-15 08:20:40'),
(11, 'tharvey@padberg.org', '[\"ROLE_USER\"]', '$2y$13$DZ.Sc7G9Iz3IKbH0gFWRHudYurSv5DA0lWqgIoP7Cu11A/2xpSP1W', 'June', 'Kreiger', 'Autres', '2022-06-20 06:32:12', '2020-08-19 12:35:25'),
(12, 'betty84@hotmail.com', '[\"ROLE_USER\"]', '$2y$13$DZ.Sc7G9Iz3IKbH0gFWRHudYurSv5DA0lWqgIoP7Cu11A/2xpSP1W', 'Lauryn', 'Nader', 'Homme', '2022-06-20 06:32:12', '2019-12-16 12:45:43'),
(13, 'feeney.muriel@auer.org', '[\"ROLE_USER\"]', '$2y$13$DZ.Sc7G9Iz3IKbH0gFWRHudYurSv5DA0lWqgIoP7Cu11A/2xpSP1W', 'Lennie', 'Heaney', 'Autres', '2022-06-20 06:32:12', '2022-05-02 11:40:40'),
(14, 'tcruickshank@collier.com', '[\"ROLE_USER\"]', '$2y$13$DZ.Sc7G9Iz3IKbH0gFWRHudYurSv5DA0lWqgIoP7Cu11A/2xpSP1W', 'Llewellyn', 'McKenzie', 'Femme', '2022-06-20 06:32:12', '2020-03-22 19:22:36'),
(15, 'tromp.maverick@gmail.com', '[\"ROLE_USER\"]', '$2y$13$DZ.Sc7G9Iz3IKbH0gFWRHudYurSv5DA0lWqgIoP7Cu11A/2xpSP1W', 'Shanny', 'Blanda', 'Femme', '2022-06-20 06:32:12', '2020-02-21 03:59:00'),
(16, 'sherman.champlin@dach.com', '[\"ROLE_USER\"]', '$2y$13$DZ.Sc7G9Iz3IKbH0gFWRHudYurSv5DA0lWqgIoP7Cu11A/2xpSP1W', 'Paris', 'Towne', 'Autres', '2022-06-20 06:32:12', '2022-02-09 19:34:57'),
(17, 'jermain.deckow@yahoo.com', '[\"ROLE_USER\"]', '$2y$13$DZ.Sc7G9Iz3IKbH0gFWRHudYurSv5DA0lWqgIoP7Cu11A/2xpSP1W', 'Darren', 'Kerluke', 'Homme', '2022-06-20 06:32:12', '2020-09-28 01:06:12'),
(18, 'holly37@brown.com', '[\"ROLE_USER\"]', '$2y$13$DZ.Sc7G9Iz3IKbH0gFWRHudYurSv5DA0lWqgIoP7Cu11A/2xpSP1W', 'Ebony', 'Aufderhar', 'Autres', '2022-06-20 06:32:12', '2020-09-26 01:29:33'),
(19, 'kspinka@mccullough.com', '[\"ROLE_USER\"]', '$2y$13$DZ.Sc7G9Iz3IKbH0gFWRHudYurSv5DA0lWqgIoP7Cu11A/2xpSP1W', 'Caterina', 'Bruen', 'Femme', '2022-06-20 06:32:12', '2019-10-12 12:46:40'),
(20, 'bartoletti.elissa@hotmail.com', '[\"ROLE_USER\"]', '$2y$13$DZ.Sc7G9Iz3IKbH0gFWRHudYurSv5DA0lWqgIoP7Cu11A/2xpSP1W', 'Laura', 'Leuschke', 'Autres', '2022-06-20 06:32:12', '2019-10-02 15:01:04'),
(21, 'batz.myriam@gmail.com', '[\"ROLE_USER\"]', '$2y$13$DZ.Sc7G9Iz3IKbH0gFWRHudYurSv5DA0lWqgIoP7Cu11A/2xpSP1W', 'Roma', 'Mann', 'Autres', '2022-06-20 06:32:12', '2020-07-29 02:35:13'),
(22, 'yesenia.lubowitz@smitham.com', '[\"ROLE_USER\"]', '$2y$13$DZ.Sc7G9Iz3IKbH0gFWRHudYurSv5DA0lWqgIoP7Cu11A/2xpSP1W', 'Rosalind', 'Schmeler', 'Homme', '2022-06-20 06:32:12', '2021-04-24 16:08:06'),
(23, 'ankunding.vicenta@stroman.info', '[\"ROLE_USER\"]', '$2y$13$DZ.Sc7G9Iz3IKbH0gFWRHudYurSv5DA0lWqgIoP7Cu11A/2xpSP1W', 'Aaron', 'Kiehn', 'Autres', '2022-06-20 06:32:12', '2021-02-05 13:00:49'),
(24, 'kian80@gmail.com', '[\"ROLE_USER\"]', '$2y$13$DZ.Sc7G9Iz3IKbH0gFWRHudYurSv5DA0lWqgIoP7Cu11A/2xpSP1W', 'Herminio', 'Weber', 'Femme', '2022-06-20 06:32:12', '2020-07-21 18:30:11'),
(25, 'jayda.damore@gmail.com', '[\"ROLE_USER\"]', '$2y$13$DZ.Sc7G9Iz3IKbH0gFWRHudYurSv5DA0lWqgIoP7Cu11A/2xpSP1W', 'Gladys', 'Runolfsson', 'Autres', '2022-06-20 06:32:12', '2020-10-31 16:31:00'),
(26, 'schinner.gerald@kemmer.biz', '[\"ROLE_USER\"]', '$2y$13$DZ.Sc7G9Iz3IKbH0gFWRHudYurSv5DA0lWqgIoP7Cu11A/2xpSP1W', 'Manuela', 'Kuphal', 'Homme', '2022-06-20 06:32:12', '2020-02-25 20:28:53'),
(27, 'corkery.bret@gmail.com', '[\"ROLE_USER\"]', '$2y$13$DZ.Sc7G9Iz3IKbH0gFWRHudYurSv5DA0lWqgIoP7Cu11A/2xpSP1W', 'Jessica', 'Harber', 'Femme', '2022-06-20 06:32:12', '2021-02-24 04:31:59'),
(28, 'justine36@gmail.com', '[\"ROLE_USER\"]', '$2y$13$DZ.Sc7G9Iz3IKbH0gFWRHudYurSv5DA0lWqgIoP7Cu11A/2xpSP1W', 'Elwyn', 'Schuppe', 'Homme', '2022-06-20 06:32:12', '2020-11-19 04:55:02'),
(29, 'mitchel.abbott@gmail.com', '[\"ROLE_USER\"]', '$2y$13$DZ.Sc7G9Iz3IKbH0gFWRHudYurSv5DA0lWqgIoP7Cu11A/2xpSP1W', 'Kelsie', 'Kulas', 'Homme', '2022-06-20 06:32:12', '2022-03-12 12:40:34'),
(30, 'uemmerich@gmail.com', '[\"ROLE_USER\"]', '$2y$13$DZ.Sc7G9Iz3IKbH0gFWRHudYurSv5DA0lWqgIoP7Cu11A/2xpSP1W', 'Althea', 'Morar', 'Femme', '2022-06-20 06:32:12', '2020-02-12 04:39:03'),
(31, 'cnikolaus@yahoo.com', '[\"ROLE_USER\"]', '$2y$13$DZ.Sc7G9Iz3IKbH0gFWRHudYurSv5DA0lWqgIoP7Cu11A/2xpSP1W', 'Abbie', 'Murazik', 'Femme', '2022-06-20 06:32:12', '2019-11-08 11:39:58'),
(32, 'april.lind@flatley.com', '[\"ROLE_USER\"]', '$2y$13$DZ.Sc7G9Iz3IKbH0gFWRHudYurSv5DA0lWqgIoP7Cu11A/2xpSP1W', 'Louie', 'Reynolds', 'Homme', '2022-06-20 06:32:12', '2021-08-18 07:57:04'),
(33, 'whermiston@hotmail.com', '[\"ROLE_USER\"]', '$2y$13$DZ.Sc7G9Iz3IKbH0gFWRHudYurSv5DA0lWqgIoP7Cu11A/2xpSP1W', 'Bailey', 'Champlin', 'Femme', '2022-06-20 06:32:12', '2021-06-08 23:43:36'),
(34, 'bartoletti.jovanny@hotmail.com', '[\"ROLE_USER\"]', '$2y$13$DZ.Sc7G9Iz3IKbH0gFWRHudYurSv5DA0lWqgIoP7Cu11A/2xpSP1W', 'Carey', 'Hegmann', 'Femme', '2022-06-20 06:32:12', '2022-06-12 16:19:30'),
(35, 'rmcclure@gmail.com', '[\"ROLE_USER\"]', '$2y$13$DZ.Sc7G9Iz3IKbH0gFWRHudYurSv5DA0lWqgIoP7Cu11A/2xpSP1W', 'Leatha', 'Fritsch', 'Autres', '2022-06-20 06:32:12', '2020-06-12 13:57:33'),
(36, 'stan.casper@hotmail.com', '[\"ROLE_USER\"]', '$2y$13$DZ.Sc7G9Iz3IKbH0gFWRHudYurSv5DA0lWqgIoP7Cu11A/2xpSP1W', 'Mason', 'Bartoletti', 'Autres', '2022-06-20 06:32:12', '2022-05-07 14:28:41'),
(37, 'athompson@gmail.com', '[\"ROLE_USER\"]', '$2y$13$DZ.Sc7G9Iz3IKbH0gFWRHudYurSv5DA0lWqgIoP7Cu11A/2xpSP1W', 'Silas', 'Marquardt', 'Autres', '2022-06-20 06:32:12', '2020-09-13 02:45:54'),
(38, 'batz.skylar@towne.com', '[\"ROLE_USER\"]', '$2y$13$DZ.Sc7G9Iz3IKbH0gFWRHudYurSv5DA0lWqgIoP7Cu11A/2xpSP1W', 'Pattie', 'Blanda', 'Femme', '2022-06-20 06:32:12', '2019-11-02 09:02:34'),
(39, 'mcglynn.elsie@gmail.com', '[\"ROLE_USER\"]', '$2y$13$DZ.Sc7G9Iz3IKbH0gFWRHudYurSv5DA0lWqgIoP7Cu11A/2xpSP1W', 'Kailyn', 'Schmitt', 'Autres', '2022-06-20 06:32:12', '2019-11-08 09:13:41'),
(40, 'destany.haag@homenick.com', '[\"ROLE_USER\"]', '$2y$13$DZ.Sc7G9Iz3IKbH0gFWRHudYurSv5DA0lWqgIoP7Cu11A/2xpSP1W', 'Tiara', 'Schamberger', 'Femme', '2022-06-20 06:32:12', '2021-09-04 08:08:17'),
(41, 'zachary16@jacobson.com', '[\"ROLE_USER\"]', '$2y$13$DZ.Sc7G9Iz3IKbH0gFWRHudYurSv5DA0lWqgIoP7Cu11A/2xpSP1W', 'Sophie', 'Oberbrunner', 'Autres', '2022-06-20 06:32:12', '2020-05-31 18:04:54'),
(42, 'janessa.grimes@emard.com', '[\"ROLE_USER\"]', '$2y$13$DZ.Sc7G9Iz3IKbH0gFWRHudYurSv5DA0lWqgIoP7Cu11A/2xpSP1W', 'Aditya', 'Champlin', 'Autres', '2022-06-20 06:32:12', '2020-03-01 09:56:56'),
(43, 'adrienne91@moen.com', '[\"ROLE_USER\"]', '$2y$13$DZ.Sc7G9Iz3IKbH0gFWRHudYurSv5DA0lWqgIoP7Cu11A/2xpSP1W', 'Vicente', 'Fahey', 'Homme', '2022-06-20 06:32:12', '2021-07-15 20:22:16'),
(44, 'kuhlman.alexandre@langworth.biz', '[\"ROLE_USER\"]', '$2y$13$DZ.Sc7G9Iz3IKbH0gFWRHudYurSv5DA0lWqgIoP7Cu11A/2xpSP1W', 'Ophelia', 'Goldner', 'Autres', '2022-06-20 06:32:12', '2020-03-31 09:19:53'),
(45, 'retta56@yahoo.com', '[\"ROLE_USER\"]', '$2y$13$DZ.Sc7G9Iz3IKbH0gFWRHudYurSv5DA0lWqgIoP7Cu11A/2xpSP1W', 'Tracey', 'Funk', 'Femme', '2022-06-20 06:32:12', '2020-02-21 12:26:46'),
(46, 'ytoy@bauch.org', '[\"ROLE_USER\"]', '$2y$13$DZ.Sc7G9Iz3IKbH0gFWRHudYurSv5DA0lWqgIoP7Cu11A/2xpSP1W', 'Jacynthe', 'Strosin', 'Autres', '2022-06-20 06:32:12', '2020-01-07 13:20:23'),
(47, 'bednar.lysanne@hotmail.com', '[\"ROLE_USER\"]', '$2y$13$DZ.Sc7G9Iz3IKbH0gFWRHudYurSv5DA0lWqgIoP7Cu11A/2xpSP1W', 'Gabriel', 'Brekke', 'Homme', '2022-06-20 06:32:12', '2020-07-05 22:36:36'),
(48, 'wrunte@yahoo.com', '[\"ROLE_USER\"]', '$2y$13$DZ.Sc7G9Iz3IKbH0gFWRHudYurSv5DA0lWqgIoP7Cu11A/2xpSP1W', 'Ronny', 'Botsford', 'Femme', '2022-06-20 06:32:12', '2020-07-08 22:08:03'),
(49, 'lkemmer@gmail.com', '[\"ROLE_USER\"]', '$2y$13$DZ.Sc7G9Iz3IKbH0gFWRHudYurSv5DA0lWqgIoP7Cu11A/2xpSP1W', 'Jamarcus', 'Ebert', 'Femme', '2022-06-20 06:32:12', '2022-01-14 16:44:41'),
(50, 'hintz.willy@brakus.com', '[\"ROLE_USER\"]', '$2y$13$DZ.Sc7G9Iz3IKbH0gFWRHudYurSv5DA0lWqgIoP7Cu11A/2xpSP1W', 'Rosendo', 'Sanford', 'Femme', '2022-06-20 06:32:12', '2020-04-07 19:57:02'),
(51, 'ibode@walsh.com', '[\"ROLE_USER\"]', '$2y$13$DZ.Sc7G9Iz3IKbH0gFWRHudYurSv5DA0lWqgIoP7Cu11A/2xpSP1W', 'Dallas', 'Ratke', 'Femme', '2022-06-20 06:32:12', '2021-01-24 22:43:06'),
(52, 'cruickshank.ava@toy.org', '[\"ROLE_USER\"]', '$2y$13$DZ.Sc7G9Iz3IKbH0gFWRHudYurSv5DA0lWqgIoP7Cu11A/2xpSP1W', 'Ladarius', 'Wiza', 'Femme', '2022-06-20 06:32:12', '2020-03-22 13:11:36'),
(53, 'rice.brannon@gmail.com', '[\"ROLE_USER\"]', '$2y$13$DZ.Sc7G9Iz3IKbH0gFWRHudYurSv5DA0lWqgIoP7Cu11A/2xpSP1W', 'Alayna', 'White', 'Autres', '2022-06-20 06:32:12', '2021-06-30 06:13:50'),
(54, 'pmorissette@gmail.com', '[\"ROLE_USER\"]', '$2y$13$DZ.Sc7G9Iz3IKbH0gFWRHudYurSv5DA0lWqgIoP7Cu11A/2xpSP1W', 'Loma', 'Howell', 'Femme', '2022-06-20 06:32:12', '2021-03-27 13:24:29'),
(55, 'block.skye@renner.biz', '[\"ROLE_USER\"]', '$2y$13$DZ.Sc7G9Iz3IKbH0gFWRHudYurSv5DA0lWqgIoP7Cu11A/2xpSP1W', 'Sigurd', 'Bergnaum', 'Homme', '2022-06-20 06:32:12', '2020-09-04 13:06:43'),
(56, 'trevor.kerluke@cassin.org', '[\"ROLE_USER\"]', '$2y$13$DZ.Sc7G9Iz3IKbH0gFWRHudYurSv5DA0lWqgIoP7Cu11A/2xpSP1W', 'Tanner', 'Lebsack', 'Femme', '2022-06-20 06:32:12', '2021-04-17 11:42:18'),
(57, 'lane83@yahoo.com', '[\"ROLE_USER\"]', '$2y$13$DZ.Sc7G9Iz3IKbH0gFWRHudYurSv5DA0lWqgIoP7Cu11A/2xpSP1W', 'Dudley', 'Mills', 'Femme', '2022-06-20 06:32:12', '2019-11-26 18:37:56'),
(58, 'niko.schmidt@witting.com', '[\"ROLE_USER\"]', '$2y$13$DZ.Sc7G9Iz3IKbH0gFWRHudYurSv5DA0lWqgIoP7Cu11A/2xpSP1W', 'Marjolaine', 'Stroman', 'Femme', '2022-06-20 06:32:12', '2020-08-03 00:07:53'),
(59, 'pierce.abbott@jones.com', '[\"ROLE_USER\"]', '$2y$13$DZ.Sc7G9Iz3IKbH0gFWRHudYurSv5DA0lWqgIoP7Cu11A/2xpSP1W', 'Vicenta', 'Crona', 'Femme', '2022-06-20 06:32:12', '2021-10-08 00:29:31'),
(60, 'altenwerth.jayne@kautzer.info', '[\"ROLE_USER\"]', '$2y$13$DZ.Sc7G9Iz3IKbH0gFWRHudYurSv5DA0lWqgIoP7Cu11A/2xpSP1W', 'Aleen', 'Beatty', 'Femme', '2022-06-20 06:32:12', '2021-02-13 08:02:08'),
(61, 'jennyfer.metz@gmail.com', '[\"ROLE_USER\"]', '$2y$13$DZ.Sc7G9Iz3IKbH0gFWRHudYurSv5DA0lWqgIoP7Cu11A/2xpSP1W', 'Laura', 'Torp', 'Homme', '2022-06-20 06:32:12', '2019-10-24 15:10:53'),
(62, 'johathan30@hotmail.com', '[\"ROLE_USER\"]', '$2y$13$DZ.Sc7G9Iz3IKbH0gFWRHudYurSv5DA0lWqgIoP7Cu11A/2xpSP1W', 'Antonette', 'Runolfsdottir', 'Autres', '2022-06-20 06:32:12', '2021-01-26 23:04:30'),
(63, 'hahn.thora@turner.com', '[\"ROLE_USER\"]', '$2y$13$DZ.Sc7G9Iz3IKbH0gFWRHudYurSv5DA0lWqgIoP7Cu11A/2xpSP1W', 'Hilda', 'Nienow', 'Femme', '2022-06-20 06:32:12', '2020-07-27 12:43:26'),
(64, 'pmayer@rutherford.com', '[\"ROLE_USER\"]', '$2y$13$DZ.Sc7G9Iz3IKbH0gFWRHudYurSv5DA0lWqgIoP7Cu11A/2xpSP1W', 'Adell', 'Mueller', 'Femme', '2022-06-20 06:32:12', '2020-02-17 00:42:55'),
(65, 'llittel@yahoo.com', '[\"ROLE_USER\"]', '$2y$13$DZ.Sc7G9Iz3IKbH0gFWRHudYurSv5DA0lWqgIoP7Cu11A/2xpSP1W', 'Edward', 'Yost', 'Femme', '2022-06-20 06:32:12', '2022-04-09 07:17:44'),
(66, 'michale.hilpert@heller.org', '[\"ROLE_USER\"]', '$2y$13$DZ.Sc7G9Iz3IKbH0gFWRHudYurSv5DA0lWqgIoP7Cu11A/2xpSP1W', 'Hal', 'Gulgowski', 'Femme', '2022-06-20 06:32:12', '2019-10-22 13:19:36'),
(67, 'romaine50@hirthe.com', '[\"ROLE_USER\"]', '$2y$13$DZ.Sc7G9Iz3IKbH0gFWRHudYurSv5DA0lWqgIoP7Cu11A/2xpSP1W', 'Baron', 'Hettinger', 'Autres', '2022-06-20 06:32:12', '2021-12-14 22:21:34'),
(68, 'pwilliamson@osinski.org', '[\"ROLE_USER\"]', '$2y$13$DZ.Sc7G9Iz3IKbH0gFWRHudYurSv5DA0lWqgIoP7Cu11A/2xpSP1W', 'Eldridge', 'O\'Conner', 'Homme', '2022-06-20 06:32:12', '2020-05-16 23:12:55'),
(69, 'kellie44@yahoo.com', '[\"ROLE_USER\"]', '$2y$13$DZ.Sc7G9Iz3IKbH0gFWRHudYurSv5DA0lWqgIoP7Cu11A/2xpSP1W', 'Eldred', 'Berge', 'Autres', '2022-06-20 06:32:12', '2020-03-04 02:30:47'),
(70, 'schulist.annie@beahan.org', '[\"ROLE_USER\"]', '$2y$13$DZ.Sc7G9Iz3IKbH0gFWRHudYurSv5DA0lWqgIoP7Cu11A/2xpSP1W', 'Karen', 'Legros', 'Autres', '2022-06-20 06:32:12', '2021-01-06 09:27:51'),
(71, 'champlin.alexane@schulist.com', '[\"ROLE_USER\"]', '$2y$13$DZ.Sc7G9Iz3IKbH0gFWRHudYurSv5DA0lWqgIoP7Cu11A/2xpSP1W', 'Haylee', 'Kreiger', 'Homme', '2022-06-20 06:32:12', '2020-07-25 12:46:11'),
(72, 'wstokes@hotmail.com', '[\"ROLE_USER\"]', '$2y$13$DZ.Sc7G9Iz3IKbH0gFWRHudYurSv5DA0lWqgIoP7Cu11A/2xpSP1W', 'Stone', 'Dietrich', 'Femme', '2022-06-20 06:32:12', '2020-07-29 20:13:15'),
(73, 'zachery.vandervort@lind.org', '[\"ROLE_USER\"]', '$2y$13$DZ.Sc7G9Iz3IKbH0gFWRHudYurSv5DA0lWqgIoP7Cu11A/2xpSP1W', 'Meaghan', 'Mohr', 'Autres', '2022-06-20 06:32:12', '2020-02-23 19:39:12'),
(74, 'konopelski.mike@hotmail.com', '[\"ROLE_USER\"]', '$2y$13$DZ.Sc7G9Iz3IKbH0gFWRHudYurSv5DA0lWqgIoP7Cu11A/2xpSP1W', 'Katrine', 'Bruen', 'Autres', '2022-06-20 06:32:12', '2019-12-11 13:55:42'),
(75, 'lehner.lea@gmail.com', '[\"ROLE_USER\"]', '$2y$13$DZ.Sc7G9Iz3IKbH0gFWRHudYurSv5DA0lWqgIoP7Cu11A/2xpSP1W', 'Giovanna', 'Gaylord', 'Femme', '2022-06-20 06:32:12', '2020-11-24 18:27:19'),
(76, 'runte.geo@roberts.net', '[\"ROLE_USER\"]', '$2y$13$DZ.Sc7G9Iz3IKbH0gFWRHudYurSv5DA0lWqgIoP7Cu11A/2xpSP1W', 'Sadie', 'Graham', 'Autres', '2022-06-20 06:32:12', '2019-11-03 02:20:58'),
(77, 'spinka.bartholome@yahoo.com', '[\"ROLE_USER\"]', '$2y$13$DZ.Sc7G9Iz3IKbH0gFWRHudYurSv5DA0lWqgIoP7Cu11A/2xpSP1W', 'Edward', 'White', 'Femme', '2022-06-20 06:32:12', '2021-11-11 06:03:21'),
(78, 'schaden.aubree@cruickshank.org', '[\"ROLE_USER\"]', '$2y$13$DZ.Sc7G9Iz3IKbH0gFWRHudYurSv5DA0lWqgIoP7Cu11A/2xpSP1W', 'Osvaldo', 'Hagenes', 'Femme', '2022-06-20 06:32:12', '2020-10-28 10:00:35'),
(79, 'dietrich.kelsie@turner.net', '[\"ROLE_USER\"]', '$2y$13$DZ.Sc7G9Iz3IKbH0gFWRHudYurSv5DA0lWqgIoP7Cu11A/2xpSP1W', 'Bonnie', 'Champlin', 'Homme', '2022-06-20 06:32:12', '2022-04-23 10:58:24'),
(80, 'hane.lue@rowe.info', '[\"ROLE_USER\"]', '$2y$13$DZ.Sc7G9Iz3IKbH0gFWRHudYurSv5DA0lWqgIoP7Cu11A/2xpSP1W', 'Dejah', 'Moore', 'Autres', '2022-06-20 06:32:12', '2019-10-04 05:50:26'),
(81, 'kuhic.alice@wilderman.com', '[\"ROLE_USER\"]', '$2y$13$DZ.Sc7G9Iz3IKbH0gFWRHudYurSv5DA0lWqgIoP7Cu11A/2xpSP1W', 'Ray', 'Schroeder', 'Femme', '2022-06-20 06:32:12', '2022-02-16 03:19:58'),
(82, 'isac.feil@hotmail.com', '[\"ROLE_USER\"]', '$2y$13$DZ.Sc7G9Iz3IKbH0gFWRHudYurSv5DA0lWqgIoP7Cu11A/2xpSP1W', 'Orlo', 'Harris', 'Autres', '2022-06-20 06:32:12', '2021-04-12 23:41:53'),
(83, 'mariana07@gmail.com', '[\"ROLE_USER\"]', '$2y$13$DZ.Sc7G9Iz3IKbH0gFWRHudYurSv5DA0lWqgIoP7Cu11A/2xpSP1W', 'Rosa', 'Tromp', 'Autres', '2022-06-20 06:32:12', '2021-03-11 16:07:48'),
(84, 'paucek.ariel@doyle.net', '[\"ROLE_USER\"]', '$2y$13$DZ.Sc7G9Iz3IKbH0gFWRHudYurSv5DA0lWqgIoP7Cu11A/2xpSP1W', 'Pink', 'Witting', 'Femme', '2022-06-20 06:32:12', '2021-05-24 23:56:58'),
(85, 'fkohler@mosciski.com', '[\"ROLE_USER\"]', '$2y$13$DZ.Sc7G9Iz3IKbH0gFWRHudYurSv5DA0lWqgIoP7Cu11A/2xpSP1W', 'Dax', 'Adams', 'Femme', '2022-06-20 06:32:12', '2022-04-27 10:37:29'),
(86, 'stefanie.wuckert@fisher.org', '[\"ROLE_USER\"]', '$2y$13$DZ.Sc7G9Iz3IKbH0gFWRHudYurSv5DA0lWqgIoP7Cu11A/2xpSP1W', 'Cesar', 'Oberbrunner', 'Femme', '2022-06-20 06:32:12', '2021-09-11 16:59:33'),
(87, 'fausto71@yahoo.com', '[\"ROLE_USER\"]', '$2y$13$DZ.Sc7G9Iz3IKbH0gFWRHudYurSv5DA0lWqgIoP7Cu11A/2xpSP1W', 'Mallory', 'Lemke', 'Autres', '2022-06-20 06:32:12', '2020-04-24 08:07:19'),
(88, 'cummerata.carolyne@orn.com', '[\"ROLE_USER\"]', '$2y$13$DZ.Sc7G9Iz3IKbH0gFWRHudYurSv5DA0lWqgIoP7Cu11A/2xpSP1W', 'Deonte', 'Effertz', 'Femme', '2022-06-20 06:32:12', '2021-09-11 03:42:20'),
(89, 'green.daniel@ziemann.com', '[\"ROLE_USER\"]', '$2y$13$DZ.Sc7G9Iz3IKbH0gFWRHudYurSv5DA0lWqgIoP7Cu11A/2xpSP1W', 'Rickey', 'Steuber', 'Femme', '2022-06-20 06:32:12', '2022-06-12 23:14:57'),
(90, 'larson.malika@hotmail.com', '[\"ROLE_USER\"]', '$2y$13$DZ.Sc7G9Iz3IKbH0gFWRHudYurSv5DA0lWqgIoP7Cu11A/2xpSP1W', 'Hardy', 'Wiegand', 'Femme', '2022-06-20 06:32:12', '2020-03-06 17:42:24'),
(91, 'williamson.abigale@stiedemann.com', '[\"ROLE_USER\"]', '$2y$13$DZ.Sc7G9Iz3IKbH0gFWRHudYurSv5DA0lWqgIoP7Cu11A/2xpSP1W', 'Tyler', 'Schulist', 'Homme', '2022-06-20 06:32:12', '2021-05-01 00:24:17'),
(92, 'phettinger@yahoo.com', '[\"ROLE_USER\"]', '$2y$13$DZ.Sc7G9Iz3IKbH0gFWRHudYurSv5DA0lWqgIoP7Cu11A/2xpSP1W', 'Claude', 'Spinka', 'Femme', '2022-06-20 06:32:12', '2019-11-27 21:32:43'),
(93, 'ellie.bogisich@gmail.com', '[\"ROLE_USER\"]', '$2y$13$DZ.Sc7G9Iz3IKbH0gFWRHudYurSv5DA0lWqgIoP7Cu11A/2xpSP1W', 'Cooper', 'Tremblay', 'Homme', '2022-06-20 06:32:12', '2020-01-09 16:59:46'),
(94, 'mmccullough@lueilwitz.info', '[\"ROLE_USER\"]', '$2y$13$DZ.Sc7G9Iz3IKbH0gFWRHudYurSv5DA0lWqgIoP7Cu11A/2xpSP1W', 'Hershel', 'Krajcik', 'Femme', '2022-06-20 06:32:12', '2019-10-16 00:48:12'),
(95, 'eda.farrell@yahoo.com', '[\"ROLE_USER\"]', '$2y$13$DZ.Sc7G9Iz3IKbH0gFWRHudYurSv5DA0lWqgIoP7Cu11A/2xpSP1W', 'Marina', 'Frami', 'Femme', '2022-06-20 06:32:12', '2019-10-29 10:38:01'),
(96, 'vpaucek@schuster.com', '[\"ROLE_USER\"]', '$2y$13$DZ.Sc7G9Iz3IKbH0gFWRHudYurSv5DA0lWqgIoP7Cu11A/2xpSP1W', 'Jaylon', 'Olson', 'Homme', '2022-06-20 06:32:12', '2021-12-22 18:57:09'),
(97, 'reynolds.arden@yahoo.com', '[\"ROLE_USER\"]', '$2y$13$DZ.Sc7G9Iz3IKbH0gFWRHudYurSv5DA0lWqgIoP7Cu11A/2xpSP1W', 'Ernie', 'Schuppe', 'Autres', '2022-06-20 06:32:12', '2020-12-19 11:38:34'),
(98, 'dariana.lubowitz@renner.com', '[\"ROLE_USER\"]', '$2y$13$DZ.Sc7G9Iz3IKbH0gFWRHudYurSv5DA0lWqgIoP7Cu11A/2xpSP1W', 'Rowland', 'Gibson', 'Autres', '2022-06-20 06:32:12', '2020-04-09 20:33:10'),
(99, 'nyah29@yahoo.com', '[\"ROLE_USER\"]', '$2y$13$DZ.Sc7G9Iz3IKbH0gFWRHudYurSv5DA0lWqgIoP7Cu11A/2xpSP1W', 'Charlie', 'Goldner', 'Autres', '2022-06-20 06:32:12', '2019-12-05 23:13:32'),
(100, 'wehner.gonzalo@hotmail.com', '[\"ROLE_USER\"]', '$2y$13$DZ.Sc7G9Iz3IKbH0gFWRHudYurSv5DA0lWqgIoP7Cu11A/2xpSP1W', 'Wilton', 'Kub', 'Femme', '2022-06-20 06:32:12', '2020-03-28 23:35:53'),
(101, 'madalyn.rice@parisian.com', '[\"ROLE_USER\"]', '$2y$13$DZ.Sc7G9Iz3IKbH0gFWRHudYurSv5DA0lWqgIoP7Cu11A/2xpSP1W', 'Pascale', 'Breitenberg', 'Femme', '2022-06-20 06:32:12', '2020-04-23 02:46:37');

--
-- Contraintes pour les tables déchargées
--

--
-- Contraintes pour la table `address`
--
ALTER TABLE `address`
  ADD CONSTRAINT `FK_D4E6F818BAC62AF` FOREIGN KEY (`city_id`) REFERENCES `city` (`id`);

--
-- Contraintes pour la table `address_user`
--
ALTER TABLE `address_user`
  ADD CONSTRAINT `FK_F0DF06A2A76ED395` FOREIGN KEY (`user_id`) REFERENCES `user` (`id`) ON DELETE CASCADE,
  ADD CONSTRAINT `FK_F0DF06A2F5B7AF75` FOREIGN KEY (`address_id`) REFERENCES `address` (`id`);

--
-- Contraintes pour la table `category`
--
ALTER TABLE `category`
  ADD CONSTRAINT `FK_64C19C1B51A1840` FOREIGN KEY (`category_parent_id`) REFERENCES `category` (`id`);

--
-- Contraintes pour la table `category_product`
--
ALTER TABLE `category_product`
  ADD CONSTRAINT `FK_149244D312469DE2` FOREIGN KEY (`category_id`) REFERENCES `category` (`id`),
  ADD CONSTRAINT `FK_149244D34584665A` FOREIGN KEY (`product_id`) REFERENCES `product` (`id`) ON DELETE CASCADE;

--
-- Contraintes pour la table `command`
--
ALTER TABLE `command`
  ADD CONSTRAINT `FK_8ECAEAD4A76ED395` FOREIGN KEY (`user_id`) REFERENCES `user` (`id`),
  ADD CONSTRAINT `FK_8ECAEAD4F5B7AF75` FOREIGN KEY (`address_id`) REFERENCES `address` (`id`);

--
-- Contraintes pour la table `command_product`
--
ALTER TABLE `command_product`
  ADD CONSTRAINT `FK_3C20574E33E1689A` FOREIGN KEY (`command_id`) REFERENCES `command` (`id`),
  ADD CONSTRAINT `FK_3C20574E4584665A` FOREIGN KEY (`product_id`) REFERENCES `product` (`id`) ON DELETE CASCADE;

--
-- Contraintes pour la table `product`
--
ALTER TABLE `product`
  ADD CONSTRAINT `FK_D34A04AD44F5D008` FOREIGN KEY (`brand_id`) REFERENCES `brand` (`id`);

--
-- Contraintes pour la table `review`
--
ALTER TABLE `review`
  ADD CONSTRAINT `FK_794381C64584665A` FOREIGN KEY (`product_id`) REFERENCES `product` (`id`),
  ADD CONSTRAINT `FK_794381C6A76ED395` FOREIGN KEY (`user_id`) REFERENCES `user` (`id`);
COMMIT;

/*!40101 SET CHARACTER_SET_CLIENT=@OLD_CHARACTER_SET_CLIENT */;
/*!40101 SET CHARACTER_SET_RESULTS=@OLD_CHARACTER_SET_RESULTS */;
/*!40101 SET COLLATION_CONNECTION=@OLD_COLLATION_CONNECTION */;
